4509 BELAIR ROAD Baltimore MD,Cash Credit Debit Plus-Dollars
1919 FLEET ST Baltimore MD,Check Credit Debit
2844 HUDSON ST Baltimore MD,Cash Debit Plus-Dollars
3998 ROLAND AVE Baltimore MD,Cash Check Plus-Dollars
2481 frederick ave Baltimore MD,Cash Check Credit Plus-Dollars
2722 HARFORD RD Baltimore MD,Cash Check Credit Debit
2510 MCELDERRY ST Baltimore MD,Cash Check Credit Plus-Dollars
2701 MILES AVE Baltimore MD,Cash Check Debit Plus-Dollars
2518 MONUMENT ST Baltimore MD,Cash Check Plus-Dollars
300 ANN ST Baltimore MD,Cash Check Credit Plus-Dollars
1600 HAZEL ST Baltimore MD,Credit Debit
5302 REISTERSTOWN RD Baltimore MD,Cash Check Credit Plus-Dollars
743 MONTFORD ST Baltimore MD,Cash Debit Plus-Dollars
5625 O DONNELL ST Baltimore MD,Credit Plus-Dollars
219 BALTIMORE ST Baltimore MD,Cash Check Plus-Dollars
58 BIDDLE STREET Baltimore MD,Cash Debit Plus-Dollars
2003 MONUMENT ST Baltimore MD,Cash Check
4718 EASTERN AVE Baltimore MD,Check Credit Debit Plus-Dollars
818 BROADWAY Baltimore MD,Cash Check Credit Debit
2522 WASHINGTON BLVD Baltimore MD,Cash Credit Plus-Dollars
6500 RIVERVIEW AVE Baltimore MD,Check Debit Plus-Dollars
823 CHARLES ST Baltimore MD,Check Credit Debit
2407 FREDERICK AVE Baltimore MD,Check Credit Debit
306 HIGH ST Baltimore MD,Credit
1939 FLEET ST Baltimore MD,Cash Check Plus-Dollars
710 BROADWAY Baltimore MD,Credit Debit
2401 LIBERTY HEIGHTS AVE Baltimore MD,Cash Debit Plus-Dollars
2105 FREDERICK AVE Baltimore MD,Plus-Dollars
206 REDWOOD ST Baltimore MD,Cash Debit Plus-Dollars
2809 BOSTON ST Baltimore MD,Plus-Dollars
1038 LIGHT ST Baltimore MD,Check Plus-Dollars
3820 PRATT ST Baltimore MD,Plus-Dollars
401 BALTIMORE ST Baltimore MD,Check Plus-Dollars
401 BALTIMORE ST Baltimore MD,Cash Check Credit Plus-Dollars
5860 BELAIR RD Baltimore MD,Check Credit Plus-Dollars
1747 BELT ST Baltimore MD,Cash Check Credit Plus-Dollars
1190 NORTHERN PKWY Baltimore MD,Cash Debit
5523 BELAIR RD Baltimore MD,Cash Check Credit Plus-Dollars
1801 NORTH AVE Baltimore MD,Cash Credit Debit
734 BROADWAY Baltimore MD,Cash Check
3105 ST PAUL ST Baltimore MD,Check Debit
5625 O DONNELL ST Baltimore MD,Check
300 BALTIMORE ST Baltimore MD,Debit
5713 HARFORD RD Baltimore MD,Check Credit Plus-Dollars
301 LIGHT ST Baltimore MD,Credit Debit Plus-Dollars
300 OLDHAM ST Baltimore MD,Plus-Dollars
1000 LOMBARD ST Baltimore MD,Cash Check Credit Debit
6701 HOLABIRD AVE Baltimore MD,Check Credit Debit
1741 LIGHT ST Baltimore MD,Cash Credit Debit
205 MADISON ST Baltimore MD,Cash Check Plus-Dollars
641 MONTFORD AVE Baltimore MD,Check Credit Debit Plus-Dollars
1712 ALICEANNA ST Baltimore MD,Cash
4700 MT HOPE DR Baltimore MD,Credit Debit
3725 MALDEN AVE Baltimore MD,Cash Plus-Dollars
3915 HANOVER ST Baltimore MD,Cash Credit Plus-Dollars
704 BROADWAY Baltimore MD,Cash Credit Plus-Dollars
2501 FLEET ST Baltimore MD,Cash Check Credit Plus-Dollars
5621 BELAIR RD Baltimore MD,Credit Plus-Dollars
1120 FORT AVE Baltimore MD,Check Plus-Dollars
415 COLD SPRING LN Baltimore MD,Check Debit
3811 CANTERBURY RD Baltimore MD,Check Credit Debit Plus-Dollars
1810 CHERRY HILL RD Baltimore MD,Check Credit
901 PRATT ST Baltimore MD,Cash Check Debit Plus-Dollars
1502 MADISON AVE Baltimore MD,Cash Credit Debit Plus-Dollars
1527 CHERRY ST Baltimore MD,Cash
506 FORT AVE Baltimore MD,Check Debit Plus-Dollars
400 EATON ST Baltimore MD,Cash Credit Plus-Dollars
7135 HARFORD RD Baltimore MD,Credit
3600 KESWICK RD Baltimore MD,Cash Credit Debit
10 MARKET PLACE Baltimore MD,Check Credit
5805 O Donnell ST Baltimore MD,Check Credit Plus-Dollars
601 CLINTON ST Baltimore MD,Check Credit Debit Plus-Dollars
631 LEXINGTON ST Baltimore MD,Credit Plus-Dollars
6798 REISTERSTOWN RD Baltimore MD,Debit
300 st paul pl Baltimore MD,Check Plus-Dollars
1101 RUSSELL ST Baltimore MD,Cash
1101 RUSSELL ST Baltimore MD,Cash Check Credit Plus-Dollars
1101 RUSSELL ST Baltimore MD,Cash Check Credit Plus-Dollars
1101 RUSSELL ST Baltimore MD,Cash
1101 RUSSELL ST Baltimore MD,Check Plus-Dollars
1101 RUSSELL ST Baltimore MD,Check
1101 RUSSELL ST Baltimore MD,Debit Plus-Dollars
1101 RUSSELL ST Baltimore MD,Check Plus-Dollars
1101 RUSSELL ST Baltimore MD,Credit Debit Plus-Dollars
Hopkins Pl Baltimore MD,Check Credit Debit Plus-Dollars
2 CHASE ST Baltimore MD,Cash Check Debit Plus-Dollars
2426 PENNSYLVANIA Baltimore MD,Check Credit Plus-Dollars
129 BROADWAY Baltimore MD,Cash Check Credit Plus-Dollars
25 BROADWAY Baltimore MD,Cash Credit Plus-Dollars
629 BROADWAY Baltimore MD,Check Credit
916 36th st Baltimore MD,Cash Plus-Dollars
529 BELVEDERE AVE Baltimore MD,Cash Check Credit Debit
1 SOUTH ST Baltimore MD,Cash Check Debit Plus-Dollars
2400 BOSTON ST Baltimore MD,Cash Check Credit Debit
2400 BOSTON ST Baltimore MD,Plus-Dollars
1238 GREENMOUNT AVE Baltimore MD,Check Credit Debit Plus-Dollars
4901 eastern ave Baltimore MD,Cash Check Debit Plus-Dollars
1501 bolton ST Baltimore MD,Cash Plus-Dollars
2251 WILKENS AVE Baltimore MD,Cash Credit Plus-Dollars
1301 PRATT ST Baltimore MD,Debit
301 PAYSON ST Baltimore MD,Debit
619 OLDHAM ST Baltimore MD,Cash Debit
34 MARKET PL Baltimore MD,Check Credit Debit Plus-Dollars
1301 OLD COLDSPRING Ln Baltimore MD,Cash Credit
55 MARKET PL Baltimore MD,Plus-Dollars
20 BALTIMORE ST Baltimore MD,Check Credit
20 BALTIMORE ST Baltimore MD,Credit
4712 CLUB RD Baltimore MD,Credit Debit Plus-Dollars
4713 EASTERN AVENUE Baltimore MD,Check Credit Debit
2022 CHARLES ST Baltimore MD,Cash Debit
1932 BELAIR RD Baltimore MD,Credit Debit Plus-Dollars
700 ALICEANNA ST Baltimore MD,Plus-Dollars
700 ALICEANNA ST Baltimore MD,Cash Check Credit
700 ALICEANNA ST Baltimore MD,Cash Check Credit Debit
700 ALICEANNA ST Baltimore MD,Credit Debit Plus-Dollars
110 EUTAW ST Baltimore MD,Plus-Dollars
110 EUTAW ST Baltimore MD,Debit Plus-Dollars
1114 16 HOLLINS ST Baltimore MD,Cash Check Debit Plus-Dollars
26 BROADWAY Baltimore MD,Cash Check Debit Plus-Dollars
1015 CHARLES ST Baltimore MD,Cash Credit Plus-Dollars
340 CHARLES ST Baltimore MD,Cash
500 HARBORVIEW DR Baltimore MD,Cash
601 PRATT ST Baltimore MD,Cash Check Plus-Dollars
2218 BOSTON ST Baltimore MD,Check Credit
621 PRATT ST Baltimore MD,Cash Check Debit Plus-Dollars
1032 LIGHT ST Baltimore MD,Cash Check Credit Debit
1020 PATAPSCO AVE Baltimore MD,Cash Check Credit Plus-Dollars
400 lexington st Baltimore MD,Cash Check Credit Debit
6422 HOLABIRD AVE Baltimore MD,Credit
1621 ALICEANNA ST Baltimore MD,Cash Check Credit Debit
5860 BELAIR RD Baltimore MD,Cash Check
237 MONTFORD AVE Baltimore MD,Cash Credit Debit Plus-Dollars
614 WATER ST Baltimore MD,Check Debit Plus-Dollars
237 PARK AVE Baltimore MD,Credit
1407 FLEET ST Baltimore MD,Cash Credit Debit Plus-Dollars
2701 BOSTON ST Baltimore MD,Credit Plus-Dollars
148 EAST AVE Baltimore MD,Check Credit Debit Plus-Dollars
333 CASSELL DR Baltimore MD,Check
1173 WASHINGTON BLVD Baltimore MD,Check Credit Plus-Dollars
4017 19 EASTERN AVE Baltimore MD,Cash Credit Plus-Dollars
925 EASTERN AVE Baltimore MD,Cash Plus-Dollars
800 BROADWAY Baltimore MD,Check Credit Plus-Dollars
316 PARK AVE Baltimore MD,Cash
4501 CHARLES ST Baltimore MD,Cash Check Credit
1601 EASTERN AVE Baltimore MD,Cash Check Debit Plus-Dollars
105 39TH ST Baltimore MD,Check Credit Debit Plus-Dollars
850 36TH ST Baltimore MD,Cash Check Debit Plus-Dollars
201 FORT AVE Baltimore MD,Cash Check Credit Plus-Dollars
3734 FLEET ST Baltimore MD,Cash Credit Debit Plus-Dollars
2201 GOUGH ST Baltimore MD,Check Plus-Dollars
6501 EASTERN AVE Baltimore MD,Cash Debit Plus-Dollars
4201 BELAIR RD Baltimore MD,Cash Check
646 PATAPSCO AVE Baltimore MD,Cash Credit Debit Plus-Dollars
705 PATAPSCO Baltimore MD,Check
430 PATAPSCO AVE Baltimore MD,Credit Debit
1846 PRATT ST Baltimore MD,Check Credit
702 BROADWAY Baltimore MD,Cash Credit
3919 LOMBARD ST Baltimore MD,Debit Plus-Dollars
7653 HARFORD RD Baltimore MD,Cash Credit
454 WHITERIDGE AVE Baltimore MD,Cash Credit
7653 HARFORD RD Baltimore MD,Cash Plus-Dollars
1735 WASHINGTON BLVD Baltimore MD,Credit Debit Plus-Dollars
2033 EASTERN AVE Baltimore MD,Cash
4100 PULASKI HWY Baltimore MD,Cash Debit
8 FAYETTE ST Baltimore MD,Cash Credit Plus-Dollars
1201 NORTH AVE Baltimore MD,Credit
555 29TH ST Baltimore MD,Cash Check Credit
1241 ORLEANS ST Baltimore MD,Cash Check Debit Plus-Dollars
4400 REISTERSTOWN RD Baltimore MD,Cash Credit Debit
1437 PATAPSCO AVE Baltimore MD,Credit
2401 LIBERTY HEIGHTS AVE Baltimore MD,Check Credit Debit
36 LIGHT ST Baltimore MD,Cash Check
36 LIGHT ST Baltimore MD,Credit Plus-Dollars
3208 LOMBARD ST Baltimore MD,Cash Check
2200 GOUGH ST Baltimore MD,Cash Check Debit
2000 EASTERN AVE Baltimore MD,Credit Debit Plus-Dollars
4618 EASTERN AVE Baltimore MD,Credit
3700 SAN MARTIN DR Baltimore MD,Cash Debit
36 CHARLES ST Baltimore MD,Debit
410 HIGH ST Baltimore MD,Cash Plus-Dollars
1 CHARLES ST Baltimore MD,Check Credit Plus-Dollars
401 PRATT ST Baltimore MD,Credit Debit Plus-Dollars
1704 ALICEANNA ST Baltimore MD,Cash Credit Debit Plus-Dollars
1020 CHARLES ST Baltimore MD,Credit
11 PACA ST Baltimore MD,Cash Credit
203 NORTH AVE Baltimore MD,Cash Check Debit Plus-Dollars
438 BELVEDERE AVE Baltimore MD,Credit Plus-Dollars
201 PRATT ST Baltimore MD,Cash Check Debit
647 PRATT ST Baltimore MD,Cash Credit Plus-Dollars
2707 COLD SPRING LN Baltimore MD,Credit
1650 54 E PRATT ST Baltimore MD,Cash Credit Debit
901 CLINTON ST Baltimore MD,Check Credit Debit Plus-Dollars
1028 CONKLING ST Baltimore MD,Check Credit Plus-Dollars
3301 BOSTON ST Baltimore MD,Cash Credit Debit Plus-Dollars
2821 O DONNELL ST Baltimore MD,Cash
601 FORT AVE Baltimore MD,Cash Credit Debit Plus-Dollars
1818 charles ST Baltimore MD,Cash Check Debit
1 CHARLES ST Baltimore MD,Debit
707 BROADWAY Baltimore MD,Cash Check Credit Debit
3508 EASTERN AVE Baltimore MD,Check
1171 HAMBURG ST Baltimore MD,Debit
500 UNIVERSITY PKWY Baltimore MD,Credit Debit
1704 GOUGH ST Baltimore MD,Debit Plus-Dollars
505 BROADWAY Baltimore MD,Cash Check Credit Plus-Dollars
1415 WASHINGTON BLVD Baltimore MD,Check Credit Debit Plus-Dollars
1415 19 WASHINGTON BLVD Baltimore MD,Plus-Dollars
2700 PENNSYLVANIA AVE Baltimore MD,Check Credit Debit
2206 BOSTON ST Baltimore MD,Check Credit Debit
500 HARBOR VIEW DR Baltimore MD,Cash Check Credit Debit
6000 EASTERN AVE Baltimore MD,Check Credit Plus-Dollars
1506 CATON AVE Baltimore MD,Check Credit Debit Plus-Dollars
6826 HARFORD RD Baltimore MD,Debit
316 CHARLES ST Baltimore MD,Check Debit
4923 REISTERSTOWN RD Baltimore MD,Debit
223 HIGH ST Baltimore MD,Plus-Dollars
5900 MORAVIA RD Baltimore MD,Cash Debit Plus-Dollars
100 LIGHT ST Baltimore MD,Credit Debit
700 CALVERT ST Baltimore MD,Cash Credit Debit Plus-Dollars
1001 CHARLES ST Baltimore MD,Check Debit Plus-Dollars
529 BELVEDERE AVE Baltimore MD,Cash Check Debit Plus-Dollars
1 CHASE ST Baltimore MD,Cash Check Credit Plus-Dollars
801 CHARLES ST Baltimore MD,Cash Check Debit Plus-Dollars
38 25TH ST Baltimore MD,Check Credit Debit Plus-Dollars
2 charles st Baltimore MD,Cash
3107 ST PAUL ST Baltimore MD,Credit Debit
1000 LANCASTER ST Baltimore MD,Check Credit Debit Plus-Dollars
1539 BUSH ST Baltimore MD,Cash Check Debit Plus-Dollars
1542 LIGHT ST Baltimore MD,Cash Debit Plus-Dollars
500 LEHIGH ST Baltimore MD,Check Credit Debit Plus-Dollars
800 KENWOOD AVE Baltimore MD,Check
702 BROADWAY Baltimore MD,Cash Check Credit Plus-Dollars
702 BROADWAY ST Baltimore MD,Check Credit Debit Plus-Dollars
100 CHARLES ST Baltimore MD,Cash Debit
10 ART MUSEUM DR Baltimore MD,Cash Plus-Dollars
2400 BOSTON ST Baltimore MD,Check Credit Debit Plus-Dollars
237 HIGH ST Baltimore MD,Check
1007 GREENMOUNT AVE Baltimore MD,Cash Credit Plus-Dollars
3728 EASTERN AVE Baltimore MD,Check Credit Debit Plus-Dollars
4814 SETON DR Baltimore MD,Check Debit Plus-Dollars
3816 LOMBARD ST Baltimore MD,Cash Check Credit Plus-Dollars
6230 EASTERN AVE Baltimore MD,Cash Credit Debit Plus-Dollars
236 238 N EUTAW ST Baltimore MD,Cash Debit
582 OLD TOWN MALL Baltimore MD,Check Credit Debit Plus-Dollars
5820 HILLEN RD Baltimore MD,Cash Credit Debit
323 PARK AVE Baltimore MD,Cash Check Credit Plus-Dollars
4032 FALLS RD Baltimore MD,Credit Debit
621 PRATT ST Baltimore MD,Check Debit
3201 ST PAUL ST Baltimore MD,Cash Check Credit Plus-Dollars
608 EXETER ST Baltimore MD,Check
1619 SULGRAVE AVE Baltimore MD,Cash Debit
3811 CANTERBURY RD Baltimore MD,Cash Check
1531 PENNSYLVANIA AVE Baltimore MD,Cash Check Credit Debit
508 COLD SPRING LN Baltimore MD,Check
1273 washington blvd Baltimore MD,Credit Debit Plus-Dollars
2000 EASTERN AVE Baltimore MD,Debit Plus-Dollars
3137 EASTERN AVE Baltimore MD,Cash Check Credit Plus-Dollars
5646 THE Baltimore MD,Check Credit Debit Plus-Dollars
236 HIGH ST Baltimore MD,Cash Check Plus-Dollars
1312 EASTERN AVE Baltimore MD,Cash Check Credit
822 LANCASTER ST Baltimore MD,Credit
427 BALTIMORE ST Baltimore MD,Cash Credit Debit Plus-Dollars
1700 FORT AVE Baltimore MD,Cash Credit
2918 O DONNELL ST Baltimore MD,Debit
1515 CHARLES ST Baltimore MD,Credit Debit
317 CHARLES ST Baltimore MD,Check Credit
2701 ST LO DR Baltimore MD,Cash Debit Plus-Dollars
1619 UNION AVE Baltimore MD,Check Credit Debit Plus-Dollars
1722 CHARLES ST Baltimore MD,Cash Check Credit
1609 LAURENS ST Baltimore MD,Cash Credit
606 LEXINGTON ST Baltimore MD,Cash Credit
1724 CHARLES ST Baltimore MD,Cash Check Credit Plus-Dollars
1817 CHARLES ST Baltimore MD,Cash Debit
2432 BALTIMORE ST Baltimore MD,Plus-Dollars
1609 BANK ST Baltimore MD,Cash Check Credit Debit
425 BALTIMORE ST Baltimore MD,Check Debit
4217 ERDMAN AVE Baltimore MD,Check Credit Debit Plus-Dollars
1930 LOMBARD ST Baltimore MD,Cash
2301 BALTIMORE ST Baltimore MD,Cash Debit Plus-Dollars
542 LUZERNE AVE Baltimore MD,Check
3610 HANOVER ST Baltimore MD,Credit Debit
414 BALTIMORE ST Baltimore MD,Check Credit Plus-Dollars
1003 PRATT ST Baltimore MD,Cash Check Debit
2219 PRATT ST Baltimore MD,Credit
300 SARATOGA ST Baltimore MD,Debit
1 BIDDLE ST Baltimore MD,Cash Check Credit Debit
411 BALTIMORE ST Baltimore MD,Cash Debit Plus-Dollars
1315 Bloomingdale Dr Baltimore MD,Cash Check Debit Plus-Dollars
1812 PRATT ST Baltimore MD,Credit
4217 ERDMAN AVE Baltimore MD,Cash Plus-Dollars
6605 BELAIR RD Baltimore MD,Check Credit
2101 NORTH AVE Baltimore MD,Check
921 FORT AVE Baltimore MD,Plus-Dollars
311 MADISON ST Baltimore MD,Check Credit Debit Plus-Dollars
222 CHARLES ST Baltimore MD,Cash Check Debit Plus-Dollars
2500 BOSTON ST Baltimore MD,Debit Plus-Dollars
2500 BOSTON ST Baltimore MD,Cash Credit Debit Plus-Dollars
2231 CEDLEY ST Baltimore MD,Cash Check Credit Plus-Dollars
2001 EASTERN AVE Baltimore MD,Plus-Dollars
819 36TH ST Baltimore MD,Debit
6407 FORT SMALLWOOD RD Baltimore MD,Debit Plus-Dollars
568 OLD TOWN MALL Baltimore MD,Check Credit Debit Plus-Dollars
313 CHARLES ST Baltimore MD,Cash Debit
1026 CHARLES ST Baltimore MD,Credit Debit
225 23RD ST Baltimore MD,Credit Plus-Dollars
203 REDWOOD ST Baltimore MD,Cash Plus-Dollars
100 CHARLES ST Baltimore MD,Cash Check Credit Debit
2933 O DONNELL ST Baltimore MD,Cash Check Plus-Dollars
5427 HARFORD RD Baltimore MD,Plus-Dollars
2000 HARLEM AVE Baltimore MD,Cash Credit Plus-Dollars
111 calvert st Baltimore MD,Check
1000 ALICEANNA ST Baltimore MD,Debit
410 BALTIMORE ST Baltimore MD,Debit
27 CROSS ST Baltimore MD,Credit Debit Plus-Dollars
3134 EASTERN AVE Baltimore MD,Cash Credit
1609 SULGRAVE AVE Baltimore MD,Check Credit
3328 FOSTER AVE Baltimore MD,Cash Check Debit Plus-Dollars
5736 FALLS RD Baltimore MD,Cash Check Debit Plus-Dollars
701 CURLEY ST Baltimore MD,Cash Credit Plus-Dollars
1603 CEDDOX ST Baltimore MD,Cash Debit
4900 CURTIS AVE Baltimore MD,Cash Credit Debit Plus-Dollars
720 RUTLAND AVE Baltimore MD,Check Credit Debit Plus-Dollars
1030 LINWOOD AVE Baltimore MD,Cash Credit Debit
610 WASHINGTON ST Baltimore MD,Check Credit Debit
829 EASTERN AVE Baltimore MD,Cash Credit Debit
1140 PACA ST Baltimore MD,Check Debit
4316 REISTERSTOWN RD Baltimore MD,Cash Check Credit Debit
2351 WASHINGTON BLVD Baltimore MD,Check Credit Debit Plus-Dollars
3034 GREENMOUNT AVE Baltimore MD,Credit Plus-Dollars
5124 PARK HEIGHTS AVE Baltimore MD,Cash Debit
800 DEAN ST Baltimore MD,Credit Debit Plus-Dollars
334 CHARLES ST Baltimore MD,Check
3626-A FALLS RD Baltimore MD,Cash Check Credit
100 HOPKINS PLZ Baltimore MD,Check Credit Plus-Dollars
935 FELL ST Baltimore MD,Check Debit Plus-Dollars
7209 HARFORD RD Baltimore MD,Plus-Dollars
4221 CURTIS AVE Baltimore MD,Cash
1401 DECATUR ST Baltimore MD,Cash Credit Debit Plus-Dollars
123 CLINTON ST Baltimore MD,Check Credit Debit Plus-Dollars
1018 EASTERN AVE Baltimore MD,Check Credit
1501 CLINTON ST Baltimore MD,Check
1607 SULGRAVE AVE Baltimore MD,Plus-Dollars
1901 HARLEM AVE Baltimore MD,Credit
415 BALTIMORE ST Baltimore MD,Cash Check Credit Plus-Dollars
709 711 N CHESTER ST Baltimore MD,Cash Credit
157 LAKEWOOD AVE Baltimore MD,Check Credit Debit
500 COLDSPRING LN Baltimore MD,Cash Debit Plus-Dollars
3820 FALLS RD Baltimore MD,Plus-Dollars
631 BROADWAY Baltimore MD,Cash Plus-Dollars
8 PRESTON ST Baltimore MD,Cash Check Credit
300 30TH ST Baltimore MD,Cash Check Debit
601 CONKLING ST Baltimore MD,Credit
1100 KEY HWY Baltimore MD,Cash Check Plus-Dollars
110 PACA ST Baltimore MD,Check Credit Debit Plus-Dollars
6607 PINE AVE Baltimore MD,Cash Check Debit Plus-Dollars
800 CHARLES ST Baltimore MD,Cash Check Credit Debit
3101 ST PAUL ST Baltimore MD,Check Credit Debit
5100 FALLS RD Baltimore MD,Cash Check Credit Plus-Dollars
1508 SARATOGA ST Baltimore MD,Credit Plus-Dollars
223 CHASE ST Baltimore MD,Cash
1157 HAUBERT ST Baltimore MD,Credit
200 PRATT ST Baltimore MD,Cash Check Credit
2300 LAFAYETTE AVE Baltimore MD,Cash Debit Plus-Dollars
527 PATAPSCO AVE Baltimore MD,Check Credit
1024 CHARLES ST Baltimore MD,Credit
4559 REISTERSTOWN RD Baltimore MD,Cash Plus-Dollars
900 CLINTON ST Baltimore MD,Cash
901 BOND ST Baltimore MD,Check Credit Debit Plus-Dollars
1600 THAMES ST Baltimore MD,Cash Check Credit Plus-Dollars
1100 MARYLAND AVE Baltimore MD,Cash Check Credit Plus-Dollars
1020 41ST ST Baltimore MD,Cash Check Debit Plus-Dollars
4022 pulaski hwy Baltimore MD,Plus-Dollars
4535 FALLS RD Baltimore MD,Check Debit
5422 YORK RD Baltimore MD,Cash
7000 REISTERSTOWN RD Baltimore MD,Check Debit
5401 HARFORD RD Baltimore MD,Cash Check Credit Debit
3600 BOSTON ST Baltimore MD,Check Credit Debit Plus-Dollars
102 CLAY ST Baltimore MD,Check Debit Plus-Dollars
406 BALTIMORE ST Baltimore MD,Cash Plus-Dollars
5501 HOPKINS BAYVIEW CIR Baltimore MD,Cash Credit Debit Plus-Dollars
4800 CURTIS AVE Baltimore MD,Credit
239 GAY ST Baltimore MD,Debit
3706 EASTERN AVE Baltimore MD,Check
1203 COLLINGTON AVE Baltimore MD,Cash Check
600 lexington st Baltimore MD,Cash Check Credit Plus-Dollars
723 BROADWAY Baltimore MD,Check Credit
6000 harford rd Baltimore MD,Check Credit Plus-Dollars
15 EAGER ST Baltimore MD,Debit
1 PRATT ST Baltimore MD,Check Plus-Dollars
250 PRATT ST Baltimore MD,Cash Check Credit Plus-Dollars
3133 MONUMENT ST Baltimore MD,Credit Plus-Dollars
201 PRATT ST Baltimore MD,Plus-Dollars
611 FAGLEY ST Baltimore MD,Cash Debit Plus-Dollars
3919 EASTERN AVE Baltimore MD,Cash
100 FAGLEY ST Baltimore MD,Credit
3608 FALLS RD Baltimore MD,Cash
219 BROADWAY Baltimore MD,Cash Debit Plus-Dollars
1801 LOMBARD ST Baltimore MD,Check Credit Debit
110 MULBERRY ST Baltimore MD,Cash Debit Plus-Dollars
3736 LOMBARD ST Baltimore MD,Check Credit
4100 LOMBARD ST Baltimore MD,Cash
1127 GREENMOUNT AVE Baltimore MD,Cash Debit
3728 HUDSON ST Baltimore MD,Check Debit Plus-Dollars
3230 FAIRMOUNT ST Baltimore MD,Plus-Dollars
1022 LIGHT ST Baltimore MD,Cash Credit Debit Plus-Dollars
200 HAVEN ST Baltimore MD,Check Debit Plus-Dollars
601 PRATT ST Baltimore MD,Cash Credit Debit Plus-Dollars
4147 labyrinth rd Baltimore MD,Check Debit Plus-Dollars
1600 ABBOTTSON ST Baltimore MD,Cash Debit Plus-Dollars
1 CHASE ST Baltimore MD,Cash Check Credit Debit
3117 VERA ST Baltimore MD,Debit Plus-Dollars
2101 MARYLAND AVE Baltimore MD,Cash Check Debit
5520 PENNINGTON AVE Baltimore MD,Cash Check Credit Plus-Dollars
6640 HOLABIRD AVE Baltimore MD,Cash Check Plus-Dollars
23 CROSS ST Baltimore MD,Cash Check Credit Plus-Dollars
1635 FLEET ST Baltimore MD,Cash Credit Plus-Dollars
1184 NANTICOKE ST Baltimore MD,Credit Debit Plus-Dollars
5723 YORK RD Baltimore MD,Cash
3308 GARRISON BLVD Baltimore MD,Cash Check Credit Debit
2501 WASHINGTON BLVD Baltimore MD,Credit Debit
2201 NORTH AVE Baltimore MD,Plus-Dollars
219 PRESIDENT ST Baltimore MD,Cash
3600 BOSTON ST Baltimore MD,Cash Credit Debit
111 CENTRE ST Baltimore MD,Cash Credit Debit Plus-Dollars
201 PRATT ST Baltimore MD,Credit
1800 THAMES ST Baltimore MD,Cash
830 GUILFORD AVE Baltimore MD,Cash Check Debit
601 CAROLINE ST Baltimore MD,Cash Credit Debit Plus-Dollars
403 BALTIMORE ST Baltimore MD,Check Plus-Dollars
720 Aliceanna st Baltimore MD,Cash Check Credit Debit
701 BOND ST Baltimore MD,Plus-Dollars
1601 UNION AVE Baltimore MD,Cash Credit Debit
600 PRATT ST Baltimore MD,Cash Credit Debit Plus-Dollars
17 BALTIMORE ST Baltimore MD,Check
1439 CHARLES ST Baltimore MD,Credit
839 CROSS ST Baltimore MD,Check Debit Plus-Dollars
4701 3 LIBERTY HEIGHTS AVE Baltimore MD,Check Credit Debit Plus-Dollars
16 CUSTOM HOUSE AVE Baltimore MD,Debit
5200 FRANKLINTOWN RD Baltimore MD,Cash Check
6620 BELAIR RD Baltimore MD,Cash Credit Debit Plus-Dollars
3920 buena vista ave Baltimore MD,Cash Credit Debit
919 36TH ST Baltimore MD,Credit Debit
3605 FAIRHAVEN AVE Baltimore MD,Debit
4019 FREDERICK AVE Baltimore MD,Cash Debit Plus-Dollars
3221 GREENMOUNT AVE Baltimore MD,Credit Plus-Dollars
1634 ALICEANNA ST Baltimore MD,Check Debit Plus-Dollars
1710 ALICEANNA ST Baltimore MD,Debit
2733 PENNSLYVANIA AVE Baltimore MD,Plus-Dollars
2201 FULTON Ave Baltimore MD,Check Credit Debit Plus-Dollars
3802 EASTERN AVE Baltimore MD,Plus-Dollars
415 HIGHLAND AVE Baltimore MD,Cash
938 CONKLING ST Baltimore MD,Cash Check Debit
1735 MARYLAND AVE Baltimore MD,Cash Check Credit
13 CENTRE ST Baltimore MD,Check Plus-Dollars
4809 ERDMAN AVE Baltimore MD,Cash Credit Plus-Dollars
1501 LIGHT ST Baltimore MD,Cash Debit Plus-Dollars
2318 FLEET ST Baltimore MD,Credit Plus-Dollars
1001 FLEET ST Baltimore MD,Cash Check
1746 FLEET ST Baltimore MD,Cash Check Credit
838 CHESTER ST Baltimore MD,Debit
2700 BROENING HWY Baltimore MD,Plus-Dollars
6322 REISTERSTOWN RD Baltimore MD,Cash Plus-Dollars
300 HIGH ST Baltimore MD,Cash Credit Plus-Dollars
32 CHESTER ST Baltimore MD,Debit
347 GILMOR ST Baltimore MD,Cash Check Debit
421 CONKLING ST Baltimore MD,Cash Check Debit
1315 MULBERRY ST Baltimore MD,Cash Credit Plus-Dollars
1263 FAYETTE ST Baltimore MD,Check
5512 HARFORD RD Baltimore MD,Credit
411 BALTIMORE ST Baltimore MD,Cash Check Debit
411 1 2 E BALTIMORE ST Baltimore MD,Cash Credit Debit Plus-Dollars
1105 36TH ST Baltimore MD,Cash Check
1600 BALTIMORE ST Baltimore MD,Check Plus-Dollars
1818 MARYLAND AVE Baltimore MD,Credit
21 CALVERT ST Baltimore MD,Check
527 BELVEDERE AVE Baltimore MD,Credit
3838 ROLAND AVE Baltimore MD,Check Plus-Dollars
2903 O DONNELL ST Baltimore MD,Cash Debit
2 WHEELER AVE Baltimore MD,Cash Debit Plus-Dollars
3444 WILKENS AVE Baltimore MD,Check Credit Debit
300 GREENE ST Baltimore MD,Plus-Dollars
725 WOLFE ST Baltimore MD,Credit Plus-Dollars
1318 GREENMOUNT AVE Baltimore MD,Credit
1226 MC CULLOH ST Baltimore MD,Cash Check Credit Debit
3631 HICKORY ave Baltimore MD,Cash Credit Debit
1011 36TH ST Baltimore MD,Cash Check Debit Plus-Dollars
601 CAROLINE ST Baltimore MD,Cash Check Debit
600 POTOMAC ST Baltimore MD,Credit Plus-Dollars
3525 HANOVER ST Baltimore MD,Check
25 CROSS ST Baltimore MD,Cash Credit Debit Plus-Dollars
718 GRUNDY ST Baltimore MD,Debit Plus-Dollars
2825 O DONNELL ST Baltimore MD,Cash Check Debit Plus-Dollars
18 20th ST Baltimore MD,Check
8 BALTIMORE ST Baltimore MD,Check Credit Debit Plus-Dollars
37 25TH ST Baltimore MD,Debit Plus-Dollars
225 READ ST Baltimore MD,Credit Debit Plus-Dollars
610 WOLFE ST Baltimore MD,Cash Check Debit Plus-Dollars
301 ANN ST Baltimore MD,Cash Check
3000 O DONNELL ST Baltimore MD,Cash Check Debit Plus-Dollars
1831 MOSHER ST Baltimore MD,Credit Plus-Dollars
604 POPLAR GROVE ST Baltimore MD,Credit
419 BALTIMORE ST Baltimore MD,Check Debit Plus-Dollars
2036 EASTERN AVE Baltimore MD,Check Credit Debit Plus-Dollars
737 CARROLL ST Baltimore MD,Debit Plus-Dollars
4810 CURTIS AVE Baltimore MD,Check Credit Debit
801 BROADWAY Baltimore MD,Cash Check Credit Debit
4806 HOLABIRD AVE Baltimore MD,Check
Hayward Ave Baltimore MD,Check Credit Debit Plus-Dollars
133 NORTH AVE Baltimore MD,Check Credit Debit
1006 DUNDALK AVE Baltimore MD,Cash Credit
2709 11 WASHINGTON BLVD Baltimore MD,Cash Debit
6200 REISTERSTOWN RD Baltimore MD,Check Debit Plus-Dollars
1519 RIGGS AVE Baltimore MD,Check Credit Plus-Dollars
24 FAYETTE ST Baltimore MD,Check Credit Plus-Dollars
528 BOULDIN ST Baltimore MD,Debit
1229 HULL ST Baltimore MD,Cash Check Debit
1117 CHARLES ST Baltimore MD,Credit
901 CAROLINE ST Baltimore MD,Check Credit Debit Plus-Dollars
1616 THAMES ST Baltimore MD,Cash Check Debit Plus-Dollars
1606 THAMES ST Baltimore MD,Credit
14 CUSTOM HOUSE AVE Baltimore MD,Credit
621 PRATT ST Baltimore MD,Check
100 COLDSPRING LN Baltimore MD,Check
3505 PULASKI HWY Baltimore MD,Check
2322 BOSTON ST Baltimore MD,Check Credit Debit Plus-Dollars
2623 WASHINGTON BLVD Baltimore MD,Check Plus-Dollars
1600 argonne dr Baltimore MD,Credit Debit
15 north ave Baltimore MD,Cash Check Debit
4635 HARFORD rd Baltimore MD,Cash Check Debit Plus-Dollars
633 PORTLAND AVE Baltimore MD,Cash Debit
1465 KEY HIGHWAY Baltimore MD,Check Credit Debit Plus-Dollars
100 CHARLES ST Baltimore MD,Check Credit Debit Plus-Dollars
2837 O DONNELL ST Baltimore MD,Check
10 CALVERT ST Baltimore MD,Cash Credit Plus-Dollars
201 CHASE ST Baltimore MD,Debit
716 BROADWAY Baltimore MD,Cash Debit Plus-Dollars
1921 FLEET ST Baltimore MD,Cash
701 EDEN ST Baltimore MD,Check Debit Plus-Dollars
5050 FALLS RD Baltimore MD,Check Plus-Dollars
5102 FALLS RD Baltimore MD,Cash Check Debit
620 FORT AVE Baltimore MD,Check Credit Debit Plus-Dollars
5016 SINCLAIR LN Baltimore MD,Check
1175 SARGEANT ST Baltimore MD,Debit
838 FORT Ave Baltimore MD,Cash Credit Debit Plus-Dollars
20 MARKET PL Baltimore MD,Cash Check Plus-Dollars
2135 NORTH AVE Baltimore MD,Cash Credit Debit Plus-Dollars
2103 NORTH AVE Baltimore MD,Cash Check Debit
6 MARKET PL Baltimore MD,Plus-Dollars
4507 PENNINGTON AVE Baltimore MD,Check Debit
2400 BOSTON ST Baltimore MD,Cash Credit Plus-Dollars
6500 ST HELENA AVE Baltimore MD,Cash Credit Debit Plus-Dollars
13 RANDALL ST Baltimore MD,Cash Check
1000 PAYSON ST Baltimore MD,Credit Plus-Dollars
845 MONTFORD AVE Baltimore MD,Check Credit Debit Plus-Dollars
2733 PENNSYLVANIA AVE Baltimore MD,Cash Check
2239 ESSEX ST Baltimore MD,Credit Debit Plus-Dollars
501 DECKER AVE Baltimore MD,Credit
930 CHARLES ST Baltimore MD,Cash Check Debit Plus-Dollars
6412 FRANKFORD AVE Baltimore MD,Check Debit Plus-Dollars
1 CHASE ST Baltimore MD,Check
4001 EASTERN AVE Baltimore MD,Cash Credit Debit Plus-Dollars
1002 LIGHT ST Baltimore MD,Check Credit Plus-Dollars
3103 NORTH AVE Baltimore MD,Check Credit Plus-Dollars
4020 LOMBARD ST Baltimore MD,Debit
2822 HUDSON ST Baltimore MD,Cash Check Credit
4701 EASTERN AVE Baltimore MD,Debit Plus-Dollars
4810 GUNTHER AVE Baltimore MD,Credit
3535 CHESTNUT AVE Baltimore MD,Cash Credit Debit Plus-Dollars
737 pratt st Baltimore MD,Cash Credit
600 WOLFE ST Baltimore MD,Check Credit Debit Plus-Dollars
601 PRATT ST Baltimore MD,Cash Check Credit Plus-Dollars
601 PRATT ST Baltimore MD,Check
7509 HARFORD RD Baltimore MD,Plus-Dollars
5516 HARFORD RD Baltimore MD,Cash Check Credit Debit
4627 HARFORD RD Baltimore MD,Cash Check Credit Debit
821 WASHINGTON BLVD Baltimore MD,Check
421 BALTIMORE ST Baltimore MD,Check
1129 CLINTON ST Baltimore MD,Cash Check Credit Debit
1102 36TH ST Baltimore MD,Check
336 CHARLES ST Baltimore MD,Check Credit Debit Plus-Dollars
1013 CHARLES ST Baltimore MD,Cash Plus-Dollars
800 CHARLES ST Baltimore MD,Check Credit
513 COLDSPRING LN Baltimore MD,Check Debit
1201 CROSS ST Baltimore MD,Debit Plus-Dollars
30 MARKET PL Baltimore MD,Cash Check
2300 MONUMENT ST Baltimore MD,Check Credit Plus-Dollars
1700 coldspring ln Baltimore MD,Credit
300 CHARLES ST Baltimore MD,Check Credit
502 ALBEMARLE ST Baltimore MD,Credit Plus-Dollars
1113 CHARLES ST Baltimore MD,Check
8 MOUNT VERNON PL Baltimore MD,Check Credit
909 CHARLES ST Baltimore MD,Cash Check Credit
12 CUSTOM HOUSE AVE Baltimore MD,Check Credit Debit
1001 CAREY ST Baltimore MD,Cash Debit
1 HIGHLAND AVE Baltimore MD,Check Plus-Dollars
347 CALVERT ST Baltimore MD,Cash Check Debit
105 CONKLING ST Baltimore MD,Check Credit Debit Plus-Dollars
1204 MOUNT ROYAL AVE Baltimore MD,Cash Check Credit Debit
24 FRANKLIN ST Baltimore MD,Credit Debit
5700 NEWBURY ST Baltimore MD,Credit Debit Plus-Dollars
1236 LIGHT ST Baltimore MD,Cash Check Debit
918 CHARLES ST Baltimore MD,Cash Credit Debit Plus-Dollars
36 FORT AVE Baltimore MD,Cash Check Credit Debit
1132 HANOVER ST Baltimore MD,Cash Check Debit Plus-Dollars
5847 YORK RD Baltimore MD,Check Debit
1300 BANK ST Baltimore MD,Plus-Dollars
3203 EASTERN AVE Baltimore MD,Credit Debit Plus-Dollars
347 CALVERT ST Baltimore MD,Check Debit Plus-Dollars
3925 LOMBARD ST Baltimore MD,Debit Plus-Dollars
711 EASTERN AVE Baltimore MD,Cash Check
800 CHARLES ST Baltimore MD,Cash Debit
12 20TH ST Baltimore MD,Credit
2126 MARYLAND AVE Baltimore MD,Check Plus-Dollars
1036 FORT AVE Baltimore MD,Cash Credit Plus-Dollars
801 DECKER AVE Baltimore MD,Plus-Dollars
531 CHESTER ST Baltimore MD,Credit
529 BELVEDERE AVE Baltimore MD,Check Credit Debit Plus-Dollars
3600 malden ave Baltimore MD,Cash Check Debit Plus-Dollars
829 CHARLES ST Baltimore MD,Cash Credit Debit Plus-Dollars
31 CROSS ST Baltimore MD,Check Credit Debit Plus-Dollars
2201 CHASE ST Baltimore MD,Credit
3436 FREDERICK AVE Baltimore MD,Cash Check Credit Plus-Dollars
6618 C REISTERSTOWN RD Baltimore MD,Check Credit Plus-Dollars
2426 CHARLES ST Baltimore MD,Cash Debit
546 PULASKI ST Baltimore MD,Cash Check Debit
3326 GREENMOUNT AVE Baltimore MD,Check Plus-Dollars
3349 BELAIR RD Baltimore MD,Cash
2143 PENNSYLVANIA AVE Baltimore MD,Cash Check Plus-Dollars
2501 CHARLES ST Baltimore MD,Cash Check Credit
2949 FREDERICK AVE Baltimore MD,Cash Check Credit Plus-Dollars
801 ANN ST Baltimore MD,Cash Credit Debit
623 LUZERNE AVE Baltimore MD,Cash
1000 HULL ST Baltimore MD,Plus-Dollars
34 MARKET PL Baltimore MD,Check Credit Debit Plus-Dollars
400 HAVEN ST Baltimore MD,Credit Debit
2616 WASHINGTON blvd Baltimore MD,Cash Check Credit Plus-Dollars
32 HEATH ST Baltimore MD,Cash Check Credit Debit
5302 PARK HEIGHTS AVE Baltimore MD,Credit
2908 O DONNELL ST Baltimore MD,Check Credit Debit Plus-Dollars
4709 EASTERN AVE Baltimore MD,Check Credit
1810 BANK ST Baltimore MD,Cash
3638 HANOVER ST Baltimore MD,Credit Debit
3201 EASTERN AVE Baltimore MD,Cash Check Credit Debit
621 DEAN ST Baltimore MD,Check Debit Plus-Dollars
1041 HILLEN ST Baltimore MD,Check Credit
932 CHARLES ST Baltimore MD,Cash
1501 COVINGTON ST Baltimore MD,Check Plus-Dollars
6427 HARFORD RD Baltimore MD,Check Debit Plus-Dollars
301 LOMBARD ST Baltimore MD,Cash Check Debit Plus-Dollars
3570 HANOVER ST Baltimore MD,Cash Check Credit Debit
1214 HOLLINS STREET Baltimore MD,Check Plus-Dollars
2839 ANNAPOLIS RD Baltimore MD,Cash Check Debit Plus-Dollars
400 SARATOGA ST Baltimore MD,Check Credit
908 36TH ST Baltimore MD,Credit Debit
311 CALVERT ST Baltimore MD,Cash Check Plus-Dollars
1001 36TH ST Baltimore MD,Credit Plus-Dollars
1722 GOUGH ST Baltimore MD,Check Debit
301 LIGHT ST Baltimore MD,Check Debit
110 39TH ST Baltimore MD,Check Debit Plus-Dollars
Hopkins Pl Baltimore MD,Cash Debit Plus-Dollars
3233 ST PAUL ST Baltimore MD,Plus-Dollars
40 STREEPER ST Baltimore MD,Credit
717 BROADWAY Baltimore MD,Cash Credit Debit
621 PRATT ST Baltimore MD,Cash Credit Debit Plus-Dollars
34 MARKET PL Baltimore MD,Credit Debit
2324 BOSTON ST Baltimore MD,Check Credit Debit
1222 HULL ST Baltimore MD,Cash Check Debit Plus-Dollars
849 FORT AVE Baltimore MD,Cash Check Credit Plus-Dollars
300 LIGHT ST Baltimore MD,Cash Credit Debit Plus-Dollars
300 LIGHT ST Baltimore MD,Cash Credit Plus-Dollars
300 LIGHT ST Baltimore MD,Check Credit Debit
300 LIGHT ST Baltimore MD,Cash Credit Debit Plus-Dollars
300 LIGHT ST Baltimore MD,Check Debit
2118 MARYLAND AVE Baltimore MD,Check Credit Debit Plus-Dollars
2008 HARFORD RD Baltimore MD,Credit Debit Plus-Dollars
45 KRESSON ST Baltimore MD,Debit
818 CALVERT ST Baltimore MD,Check Credit Debit Plus-Dollars
124 MARKET PLACE Baltimore MD,Credit
529 BELVEDERE AVE Baltimore MD,Cash Credit Debit Plus-Dollars
4805 EASTERN AVE Baltimore MD,Plus-Dollars
2248 WILKENS Ave Baltimore MD,Cash Credit
217 HIGH ST Baltimore MD,Cash Debit
1025 27 S CHARLES ST Baltimore MD,Check Credit Debit Plus-Dollars
200 LEXINGTON ST Baltimore MD,Check Plus-Dollars
424 PAYSON ST Baltimore MD,Check Credit Debit Plus-Dollars
411 HIGH ST Baltimore MD,Cash Check Credit Plus-Dollars
2101 CHARLES ST Baltimore MD,Credit Debit Plus-Dollars
802 CHARLES ST Baltimore MD,Credit Debit Plus-Dollars
Hayward Ave Baltimore MD,Check Credit
550 LIGHT ST Baltimore MD,Debit
550 LIGHT ST Baltimore MD,Cash Check Credit
5209 REISTERSTOWN RD Baltimore MD,Plus-Dollars
418 CLINTON ST Baltimore MD,Debit
226 PARK AVE Baltimore MD,Credit Plus-Dollars
1928 FLEET ST Baltimore MD,Cash Plus-Dollars
2229 WASHINGTON BLVD Baltimore MD,Cash Credit Debit
518 charles st Baltimore MD,Cash Check Credit Plus-Dollars
2738 BAKER ST Baltimore MD,Cash Debit
1801 RAMSAY ST Baltimore MD,Plus-Dollars
3527 BALTIMORE ST Baltimore MD,Credit
301 LONEYS LN Baltimore MD,Cash Check Credit Debit
900 CAREY ST Baltimore MD,Credit Debit Plus-Dollars
1367 ANDRE ST Baltimore MD,Check Plus-Dollars
301 LIGHT ST Baltimore MD,Debit Plus-Dollars
6317 BELAIR RD Baltimore MD,Credit Plus-Dollars
3123 ELLIOTT ST Baltimore MD,Credit Plus-Dollars
141 HAMBURG ST Baltimore MD,Cash Debit
616 PRESIDENT ST Baltimore MD,Cash
2312 BOSTON ST Baltimore MD,Cash Check Debit Plus-Dollars
726 BROADWAY Baltimore MD,Debit
907 ANN ST Baltimore MD,Check Debit Plus-Dollars
201 HOMELAND AVE Baltimore MD,Cash
6626 HARFORD RD Baltimore MD,Cash Debit Plus-Dollars
2106 EASTERN AVE Baltimore MD,Plus-Dollars
291 PULASKI ST Baltimore MD,Cash Credit Debit Plus-Dollars
6219 BELAIR RD Baltimore MD,Cash Check Debit Plus-Dollars
100 HOWARD ST Baltimore MD,Cash Credit Debit Plus-Dollars
1821 ST PAUL ST Baltimore MD,Credit Debit
2853 GREENMOUNT AVE Baltimore MD,Debit
3815 WILKENS AVE Baltimore MD,Check Debit Plus-Dollars
5625 O DONNELL ST Baltimore MD,Check Debit Plus-Dollars
3300 REISTERSTOWN RD Baltimore MD,Debit
5000 SINCLAIR LN Baltimore MD,Cash Check Debit Plus-Dollars
6600 REISTERSTOWN RD Baltimore MD,Cash Check Credit Debit
4825 BELAIR RD Baltimore MD,Credit
1017 LIGHT ST Baltimore MD,Check
5732 WABASH AVE Baltimore MD,Debit Plus-Dollars
2863 NORTH AVE Baltimore MD,Cash Check Credit Plus-Dollars
1121 LIGHT ST Baltimore MD,Credit
2201 PATAPSCO AVE Baltimore MD,Cash Credit Debit Plus-Dollars
218 CHARLES ST Baltimore MD,Cash Check Credit Debit
907 36TH ST Baltimore MD,Debit
410 REDWOOD ST Baltimore MD,Cash Credit Debit Plus-Dollars
35 POTOMAC ST Baltimore MD,Credit
2100 FLEET ST Baltimore MD,Cash Check Credit Debit
2400 BOSTON ST Baltimore MD,Cash Check Debit Plus-Dollars
3208 GREENMOUNT AVE Baltimore MD,Credit
5100 SINCLAIR LN Baltimore MD,Cash Check Debit
801 CONKLING ST Baltimore MD,Debit
644 FORT AVE Baltimore MD,Credit
4301 HARFORD RD Baltimore MD,Debit Plus-Dollars
1520 CLIPPER RD Baltimore MD,Credit
1702 THAMES ST Baltimore MD,Credit Debit Plus-Dollars
6309 REISTERSTOWN RD Baltimore MD,Check Credit Debit
701 BARTLETT AVE Baltimore MD,Cash Check Debit Plus-Dollars
206 SARATOGA ST Baltimore MD,Cash Plus-Dollars
2300 SIDNEY AVE Baltimore MD,Check
3127 NORTH AVE Baltimore MD,Check Credit Plus-Dollars
911 CHARLES ST Baltimore MD,Cash Check Debit Plus-Dollars
4742 Frederick Ave Baltimore MD,Check Debit
1476 REYNOLDS ST Baltimore MD,Cash Credit Debit Plus-Dollars
1100 FORT AVE Baltimore MD,Credit
1718 EASTERN AVE Baltimore MD,Credit
706 BROADWAY Baltimore MD,Credit Debit Plus-Dollars
3210 PULASKI HWY Baltimore MD,Check Plus-Dollars
1453 LIGHT ST Baltimore MD,Cash Check Credit
1650 54 E PRATT ST Baltimore MD,Check Credit Plus-Dollars
1012 EASTERN AVE Baltimore MD,Cash Credit Debit Plus-Dollars
3928 EASTERN AVE Baltimore MD,Cash Debit
248 ALBEMARLE ST Baltimore MD,Cash Check Credit Debit
2637 GREENMOUNT AVE Baltimore MD,Cash Debit
2522 FAIT AVE Baltimore MD,Credit Debit Plus-Dollars
2110 CHARLES ST Baltimore MD,Cash
1000 HOFFMAN ST Baltimore MD,Cash Check Debit
18 CUSTOM HOUSE AVE Baltimore MD,Check Credit Debit Plus-Dollars
529 BOND ST Baltimore MD,Credit Debit Plus-Dollars
1622 EASTERN AVE Baltimore MD,Cash Debit
201 PRATT ST Baltimore MD,Check Credit Debit
509 BROADWAY Baltimore MD,Cash Debit Plus-Dollars
646 NEWKIRK ST Baltimore MD,Credit
1301 PONCA ST Baltimore MD,Cash Check Debit Plus-Dollars
1639 THAMES ST Baltimore MD,Check
3500 O DONNELL ST Baltimore MD,Plus-Dollars
801 ALICEANNA ST Baltimore MD,Check Plus-Dollars
514 PULASKI ST Baltimore MD,Check Credit Debit Plus-Dollars
100 PRATT ST Baltimore MD,Cash Check Credit Plus-Dollars
614 LAURENS ST Baltimore MD,Cash Debit
1300 BANK STREET Baltimore MD,Check
1150 LOMBARD ST Baltimore MD,Cash Check Credit Debit
1500 WASHINGTON ST Baltimore MD,Check Credit Debit Plus-Dollars
1740 LIGHT ST Baltimore MD,Cash Debit Plus-Dollars
322 FRANKLINTOWN RD Baltimore MD,Check Credit Debit Plus-Dollars
100 LIGHT ST Baltimore MD,Cash Check Credit
1400 LIGHT ST Baltimore MD,Cash Debit
228 MONROE ST Baltimore MD,Check
1909 PULASKI ST Baltimore MD,Cash Check Plus-Dollars
801 FORT AVE Baltimore MD,Credit Debit Plus-Dollars
890 LINDEN AVE Baltimore MD,Cash Check Credit Plus-Dollars
904 NORTH AVE Baltimore MD,Plus-Dollars
851 HOLLINS ST Baltimore MD,Cash Credit
600 LEHIGH ST Baltimore MD,Cash Check Debit Plus-Dollars
1325 key HWY Baltimore MD,Check Credit Debit Plus-Dollars
3515 EASTERN AVE Baltimore MD,Plus-Dollars
6412 HOLABIRD AVE Baltimore MD,Cash Debit Plus-Dollars
411 COLDSPRING LN Baltimore MD,Cash Check Debit
1515 CLEMENT ST Baltimore MD,Cash Credit Plus-Dollars
1131 GREENMOUNT Baltimore MD,Cash Check Plus-Dollars
6602 REISTERSTOWN RD Baltimore MD,Check
398 29TH ST Baltimore MD,Cash Credit Plus-Dollars
3001 FREDERICK AVE Baltimore MD,Credit
2900 o donnell st Baltimore MD,Check
2227 EASTERN AVE Baltimore MD,Check Credit Debit Plus-Dollars
1708 ALICEANNA ST Baltimore MD,Credit
633 DUNCAN ST Baltimore MD,Cash Check Debit Plus-Dollars
4825 EASTERN AVE Baltimore MD,Cash Check Credit Plus-Dollars
3201 WOODLAND AVE Baltimore MD,Cash Plus-Dollars
1230 FORT AVE Baltimore MD,Cash Debit
1703 ALICEANNA ST Baltimore MD,Check Plus-Dollars
322 CHARLES ST Baltimore MD,Credit Debit Plus-Dollars
300 PRATT ST Baltimore MD,Check
408 BALTIMORE ST Baltimore MD,Check Credit Debit
110 MOUNT ROYAL AVE Baltimore MD,Cash Credit Debit Plus-Dollars
102 25TH ST Baltimore MD,Credit Debit Plus-Dollars
5142 PARK HEIGHTS AVE Baltimore MD,Cash Check Plus-Dollars
201 PRATT ST Baltimore MD,Credit Plus-Dollars
1926 MONROE ST Baltimore MD,Cash Check Credit Debit
1061 CHARLES ST Baltimore MD,Plus-Dollars
21 EUTAW ST Baltimore MD,Credit
2706 dillon st Baltimore MD,Cash Credit Debit
5302 FRANKFORD AVE Baltimore MD,Cash Credit
2901 O DONNELL ST Baltimore MD,Cash Credit Debit
3049 MONDAWMIN MALL Baltimore MD,Cash Debit Plus-Dollars
6604 REISTERSTOWN RD Baltimore MD,Cash Check Debit Plus-Dollars
1020 41ST ST Baltimore MD,Cash Credit Debit Plus-Dollars
351 CALHOUN ST Baltimore MD,Debit
1016 LIGHT ST Baltimore MD,Cash Plus-Dollars
214 MULBERRY ST Baltimore MD,Cash Debit
3910 KESWICK RD Baltimore MD,Plus-Dollars
1 EAGER ST Baltimore MD,Plus-Dollars
601 LIGHT ST Baltimore MD,Check Credit Plus-Dollars
2057 GOUGH ST Baltimore MD,Debit
7212 HARFORD RD Baltimore MD,Credit Debit
1105 CHARLES ST Baltimore MD,Check Plus-Dollars
3131 eastern ave Baltimore MD,Cash Credit Plus-Dollars
735 BROADWAY Baltimore MD,Cash Plus-Dollars
3916 HANOVER ST Baltimore MD,Cash Debit Plus-Dollars
10 HOWARD ST Baltimore MD,Cash Check Credit Debit
301 preston st Baltimore MD,Debit
300 GREENE ST Baltimore MD,Cash Debit Plus-Dollars
3845 FALLS RD Baltimore MD,Credit
711 EASTERN AVE Baltimore MD,Credit Debit Plus-Dollars
1400 KEY HIGHWAY Baltimore MD,Cash
101 BALTIMORE ST Baltimore MD,Credit
101 patapsco ave Baltimore MD,Cash Check Credit
200 pratt st Baltimore MD,Debit Plus-Dollars
2001 BROADWAY Baltimore MD,Debit
25 HOWARD ST Baltimore MD,Cash Check Credit Debit
2840 GREENMOUNT Baltimore MD,Check Credit Debit Plus-Dollars
31 CALVERT ST Baltimore MD,Credit Plus-Dollars
3619 wilkens ave Baltimore MD,Check
3920 falls rd Baltimore MD,Check Credit
4401 REISTERSTOWN RD Baltimore MD,Check Credit
5100 YORK RD Baltimore MD,Cash Check Credit Debit
6001 MORAVIA RD Baltimore MD,Cash
5713 BELAIR RD Baltimore MD,Cash Credit Debit Plus-Dollars
3401 PULASKI HWY Baltimore MD,Cash Check Credit Plus-Dollars
4526 ERDMAN AVE Baltimore MD,Check
825 FORT AVE Baltimore MD,Cash
2501 FRANKLIN ST Baltimore MD,Check
3249 FREDERICK AVE Baltimore MD,Credit Debit Plus-Dollars
425 BALTIMORE ST Baltimore MD,Cash Check Debit
4205 MORTIMER AVE Baltimore MD,Check Plus-Dollars
45 MARKET PL Baltimore MD,Cash Credit Plus-Dollars
1513 MCHENRY ST Baltimore MD,Credit Plus-Dollars
3600 CLIPPER MILL RD Baltimore MD,Cash Check Debit
811 BROADWAY Baltimore MD,Check Credit
818 BROADWAY Baltimore MD,Check Credit
902 CHARLES ST Baltimore MD,Credit
26 MARKET PL Baltimore MD,Check Credit
6207 EASTERN AVE Baltimore MD,Cash Credit Plus-Dollars
1836 EASTERN AVE Baltimore MD,Check Credit Plus-Dollars
328 CHARLES ST Baltimore MD,Debit
15 CENTRE ST Baltimore MD,Cash Debit Plus-Dollars
4637 YORK RD Baltimore MD,Check Credit
504 BROADWAY Baltimore MD,Debit
1910 16 N CHARLES ST Baltimore MD,Check Plus-Dollars
1035 CHARLES ST Baltimore MD,Check Credit Plus-Dollars
2200 WILKENS AVE Baltimore MD,Cash Plus-Dollars
2600 INSULATOR DR Baltimore MD,Debit
885 HOWARD ST Baltimore MD,Credit
1725 PONCA ST Baltimore MD,Check Debit Plus-Dollars
3215 CHARLES ST Baltimore MD,Cash Check Credit Debit
1649 HANOVER ST Baltimore MD,Debit
38 CROSS ST Baltimore MD,Credit Debit
3710 EASTERN AVE Baltimore MD,Cash Debit
10 CUSTOM HOUSE AVE Baltimore MD,Check
3713 EASTERN AVE Baltimore MD,Cash Check Credit
3716 BELVEDERE AVE Baltimore MD,Cash Credit Debit Plus-Dollars
3100 GREENMOUNT AVE Baltimore MD,Cash Credit Debit Plus-Dollars
417 BALTIMORE ST Baltimore MD,Check Credit Debit Plus-Dollars
3432 HANOVER ST Baltimore MD,Credit
4801 EASTERN AVE Baltimore MD,Check Debit
531 POTOMAC ST Baltimore MD,Cash Check Credit Debit
1323 PRESSTMAN ST Baltimore MD,Check Credit Plus-Dollars
6506 BELAIR RD Baltimore MD,Cash Check Credit Plus-Dollars
2301 BIDDLE ST Baltimore MD,Check Debit
501 PRATT STREET Baltimore MD,Plus-Dollars
1727 PRATT ST Baltimore MD,Credit Plus-Dollars
2637 GREENMOUNT AVE Baltimore MD,Cash Check Credit Debit
2003 PRESBURY ST Baltimore MD,Cash Check Credit Plus-Dollars
1550 MONROE ST Baltimore MD,Debit Plus-Dollars
100 UNIVERSITY PKWY Baltimore MD,Credit
708 BOND ST Baltimore MD,Check Credit Debit Plus-Dollars
6591 ST HELENA AVE Baltimore MD,Credit
3111 ST PAUL ST Baltimore MD,Cash Check Credit Plus-Dollars
401 MONTFORD AVE Baltimore MD,Check Plus-Dollars
2549 howard st Baltimore MD,Credit
109 MARKET PL Baltimore MD,Cash Debit Plus-Dollars
2400 BOSTON ST Baltimore MD,Cash Credit Debit Plus-Dollars
6652 BELAIR RD Baltimore MD,Check Credit Plus-Dollars
1741 NORTH AVE Baltimore MD,Check
5218 PARK HEIGHTS AVE Baltimore MD,Check
3333 CHARLES ST Baltimore MD,Check Debit Plus-Dollars
3563 FAIRFIELD RD Baltimore MD,Check
300 GILMOR ST Baltimore MD,Credit Debit
351 WOODYEAR ST Baltimore MD,Cash Debit
3712 EASTERN AVE Baltimore MD,Check Debit
6514 REISTERSTOWN RD Baltimore MD,Check Credit Debit Plus-Dollars
600 PRATT ST Baltimore MD,Cash Check Credit
6307 1 2 YORK RD Baltimore MD,Check Credit Debit Plus-Dollars
5246 HARFORD RD Baltimore MD,Cash Check
347 33RD ST Baltimore MD,Cash Check Credit Plus-Dollars
4535 FALLS RD Baltimore MD,Plus-Dollars
227 29TH ST Baltimore MD,Cash Credit Plus-Dollars
4448 PARK HEIGHTS AVE Baltimore MD,Cash Credit Debit
1310 RUSSELL ST Baltimore MD,Cash Check Credit Plus-Dollars
412 PARK AVE Baltimore MD,Cash Check
3700 KOPPERS ST Baltimore MD,Cash Check Debit Plus-Dollars
2239 EASTERN AVE Baltimore MD,Cash Check Debit Plus-Dollars
2901 Baltimore St Baltimore MD,Cash Credit Debit Plus-Dollars
8 PARK AVENUE Baltimore MD,Cash Check Debit Plus-Dollars
2400 BOSTON ST Baltimore MD,Check Plus-Dollars
131 SCHROEDER ST Baltimore MD,Cash
2501 EASTERN AVE Baltimore MD,Cash Check Debit Plus-Dollars
2301 ARGONNE DR Baltimore MD,Credit
701 FORT AVE Baltimore MD,Cash Check Credit
1425 ALICEANNA ST Baltimore MD,Credit
1401 CLEMENT ST Baltimore MD,Check Credit Debit Plus-Dollars
612 cathedral st Baltimore MD,Cash
1900 ALICEANNA ST Baltimore MD,Cash Check Credit Plus-Dollars
6302 YORK RD Baltimore MD,Cash Credit Debit Plus-Dollars
3606 hanover st Baltimore MD,Cash Check Credit Debit
1041 GREENMOUNT AVE Baltimore MD,Cash Check Debit Plus-Dollars
663 PRATT ST Baltimore MD,Cash Credit Debit Plus-Dollars
213 PENN ST Baltimore MD,Debit
4901 PENNINGTON AVE Baltimore MD,Plus-Dollars
7 PATAPSCO AVE Baltimore MD,Cash Check Plus-Dollars
301 EXETER ST Baltimore MD,Check
5440 REISTERSTOWN RD Baltimore MD,Cash Credit
5928 YORK RD Baltimore MD,Credit
1002 EASTERN AVE Baltimore MD,Check
111 MERCER ST Baltimore MD,Debit
3130 GREENMOUNT AVE Baltimore MD,Credit
504 ANN ST Baltimore MD,Credit
4800 ROLAND AVE Baltimore MD,Check Plus-Dollars
2002 HARFORD RD Baltimore MD,Debit
600 PRATT ST Baltimore MD,Cash Check Debit Plus-Dollars
3539 BELAIR RD Baltimore MD,Debit Plus-Dollars
301 light Baltimore MD,Check Credit
301 light st Baltimore MD,Cash Credit Debit Plus-Dollars
202 READ ST Baltimore MD,Debit
520 WASHINGTON BLVD Baltimore MD,Credit
711 EASTERN AVE Baltimore MD,Cash
Haward Ave Baltimore MD,Cash Check
6500 EASTERN AVENUE Baltimore MD,Check Credit
201 PRATT ST Baltimore MD,Check Credit Debit Plus-Dollars
404 BALTIMORE ST Baltimore MD,Credit
1627 EASTERN AVE Baltimore MD,Credit Plus-Dollars
101 EATON ST Baltimore MD,Check Credit Debit
3212 WASHINGTON BLVD Baltimore MD,Check
2619 21 FOSTER AVE Baltimore MD,Debit
1719 PONCABIRD PASS Baltimore MD,Plus-Dollars
300 BROADWAY Baltimore MD,Cash Check Debit Plus-Dollars
3400 PULASKI HWY Baltimore MD,Credit Plus-Dollars
4404 EDMONDSON AVE Baltimore MD,Cash Credit Plus-Dollars
5002 SINCLAIR LN Baltimore MD,Credit Debit
5002 YORK RD Baltimore MD,Cash Credit Plus-Dollars
6642 BELAIR RD Baltimore MD,Cash Check Credit Debit
887 FORT AVE Baltimore MD,Cash Credit Debit
6512 reisterstown RD Baltimore MD,Cash Credit Debit Plus-Dollars
2401 LIBERTY HEIGHTS AVE Baltimore MD,Check Debit Plus-Dollars
4330 LOMBARD ST Baltimore MD,Cash Check Debit Plus-Dollars
1701 CLINTON ST Baltimore MD,Cash Plus-Dollars
1032 RIVERSIDE AVE Baltimore MD,Cash Credit
5520 REISTERSTOWN ROAD Baltimore MD,Check Credit Plus-Dollars
200 PRATT ST Baltimore MD,Plus-Dollars
200 202 E PRATT ST Baltimore MD,Check Credit Debit
200 202 E PRATT ST Baltimore MD,Check Debit
200 202 E PRATT ST Baltimore MD,Cash Check Debit Plus-Dollars
136 25TH ST Baltimore MD,Cash Check Credit Debit
318 broadway Baltimore MD,Cash Check Credit Plus-Dollars
207 broadway Baltimore MD,Cash Credit
5014 CURTIS AVE Baltimore MD,Cash Check Credit Debit
6796 REISTERSTOWN RD Baltimore MD,Cash
2250 NORTH AVE Baltimore MD,Debit
1225 CATHEDRAL ST Baltimore MD,Cash Debit
242 HIGH ST Baltimore MD,Cash Check Debit Plus-Dollars
3733 HANOVER ST Baltimore MD,Check
3358 CHESTNUT AVE Baltimore MD,Cash Check
719 BROADWAY Baltimore MD,Cash
2 DECKER AVE Baltimore MD,Cash
2148 VINE ST Baltimore MD,Check Credit Debit
1209 CHARLES ST Baltimore MD,Cash Credit
482 BENTALOU ST Baltimore MD,Cash Credit Debit Plus-Dollars
206 BROADWAY Baltimore MD,Cash Debit Plus-Dollars
206 LEXINGTON ST Baltimore MD,Cash Check Credit Plus-Dollars
1033 LIGHT ST Baltimore MD,Cash Check Credit Plus-Dollars
720 ALICEANNA ST Baltimore MD,Check Plus-Dollars
1843 LIGHT STREET Baltimore MD,Cash Check Credit
1728 NORTHERN PKWY Baltimore MD,Cash Check Debit Plus-Dollars
3003 CHARLES ST Baltimore MD,Cash Check Debit Plus-Dollars
2600 MONUMENT ST Baltimore MD,Credit
1410 PRATT ST Baltimore MD,Check Credit Debit
402 KEY HWY Baltimore MD,Cash Check Debit Plus-Dollars
2696 WILKENS Ave Baltimore MD,Check Credit
600 WATER ST Baltimore MD,Check Credit
711 EASTERN AVE Baltimore MD,Debit
1508 RUTLAND AVE Baltimore MD,Check Credit
600 BELVEDERE AVE Baltimore MD,Credit
36 CROSS ST Baltimore MD,Cash
2511 FAYETTE ST Baltimore MD,Plus-Dollars
901 FAWN ST Baltimore MD,Check Plus-Dollars
5857 york rd Baltimore MD,Credit Plus-Dollars
2612 WILKENS AVE Baltimore MD,Plus-Dollars
4501 CHARLES ST Baltimore MD,Check Credit Plus-Dollars
324 BALTIMORE ST Baltimore MD,Cash Check Credit Plus-Dollars
2127 PRATT ST Baltimore MD,Cash
1200 CHARLES ST Baltimore MD,Check Plus-Dollars
600 OLDHAM ST Baltimore MD,Credit Debit Plus-Dollars
946 FAYETTE ST Baltimore MD,Check Credit Debit
915 LIGHT ST Baltimore MD,Credit Debit Plus-Dollars
708 BAYLIS ST Baltimore MD,Cash Credit Plus-Dollars
1126 BALTIMORE ST Baltimore MD,Cash
3601 PULASKI HWY Baltimore MD,Cash Check Debit
246 BROADWAY Baltimore MD,Cash Credit Debit Plus-Dollars
200 PRATT ST Baltimore MD,Cash
5625 O DONNELL ST Baltimore MD,Check
121 RANDALL ST Baltimore MD,Check Credit Debit Plus-Dollars
615 FALLSWAY Baltimore MD,Credit Debit
5603 pulaski hwy Baltimore MD,Cash Check Credit Debit
414 COLD SPRING LN Baltimore MD,Credit Debit Plus-Dollars
1184 CLEVELAND ST Baltimore MD,Cash Credit
771 WASHINGTON BLVD Baltimore MD,Cash
142 FAYETTE ST Baltimore MD,Cash Credit
2819 EASTERN AVE Baltimore MD,Debit Plus-Dollars
1901 GOUGH ST Baltimore MD,Cash Credit Plus-Dollars
4325 BELAIR RD Baltimore MD,Plus-Dollars
101 FAYETTE ST Baltimore MD,Cash Check Credit Debit
300 CHARLES ST Baltimore MD,Credit
300 CHARLES ST Baltimore MD,Cash Check Credit Plus-Dollars
300 CHARLES ST Baltimore MD,Check Credit Debit Plus-Dollars
3821 PULASKI HWY Baltimore MD,Cash Check Credit Plus-Dollars
238 BROADWAY Baltimore MD,Check Plus-Dollars
2300 OLIVER ST Baltimore MD,Cash Check
3301 FOSTER AVE Baltimore MD,Cash
1629 THAMES ST Baltimore MD,Credit Plus-Dollars
101 FAYETTE ST Baltimore MD,Check Credit Debit
218 lexington ST Baltimore MD,Cash Credit Debit Plus-Dollars
1100 WASHINGTON BLVD Baltimore MD,Debit
137 BELNORD AVE Baltimore MD,Cash Check
628 BROADWAY Baltimore MD,Cash
3400 CHARLES ST Baltimore MD,Check Debit Plus-Dollars
2641 HUDSON ST Baltimore MD,Cash Check
801 BONAPARTE AVE Baltimore MD,Check Debit Plus-Dollars
2200 BOSTON ST Baltimore MD,Check Debit Plus-Dollars
1101 ST PAUL #101 ST Baltimore MD,Check Plus-Dollars
2725 SISSON STREET Baltimore MD,Check Plus-Dollars
6212 REISTERSTOWN RD Baltimore MD,Check Credit Plus-Dollars
2506 WASHINGTON BLVD Baltimore MD,Cash
1041 MARSHALL ST Baltimore MD,Plus-Dollars
823 FORT AVE Baltimore MD,Cash Check Plus-Dollars
1700 THAMES ST Baltimore MD,Cash Debit Plus-Dollars
504 WASHINGTON BLVD Baltimore MD,Credit Debit Plus-Dollars
4200 BELAIR RD Baltimore MD,Check Credit Debit Plus-Dollars
554 FORT AVE Baltimore MD,Credit
600 WOLFE ST Baltimore MD,Check Debit Plus-Dollars
1525 RAMSAY ST Baltimore MD,Cash Check Credit Debit
2006 HARFORD RD Baltimore MD,Credit
1660 WARWICK AVE Baltimore MD,Cash Check Credit Debit
6 CROSS ST Baltimore MD,Plus-Dollars
300 CROMWELL ST Baltimore MD,Plus-Dollars
1800 WASHINGTON BLVD Baltimore MD,Cash Check Credit
501 CALVERT ST Baltimore MD,Cash Credit Debit Plus-Dollars
502 SHARP ST Baltimore MD,Cash
333 charles ST Baltimore MD,Cash Plus-Dollars
407 SARATOGA ST Baltimore MD,Cash Credit Debit Plus-Dollars
308 EUTAW ST Baltimore MD,Credit
405 CHARLES ST Baltimore MD,Cash Check Credit Plus-Dollars
2101 EDMONDSON AVE Baltimore MD,Check Credit Plus-Dollars
11 PRESTON STREET Baltimore MD,Debit
814 BROADWAY Baltimore MD,Cash
430 FORT AVE Baltimore MD,Cash Check Credit Plus-Dollars
4706 EASTERN ave Baltimore MD,Credit Debit Plus-Dollars
3600 EASTERN AVE Baltimore MD,Cash Credit Debit
2840 O DONNELL ST Baltimore MD,Cash Credit Debit
12 EUTAW ST Baltimore MD,Credit
255 PAYSON ST Baltimore MD,Plus-Dollars
1901 BANK ST Baltimore MD,Cash
2601 WILKENS AVE Baltimore MD,Cash Check Debit
24 CROSS ST Baltimore MD,Check Plus-Dollars
1224 CLINTON ST Baltimore MD,Credit
Hayward Ave Baltimore MD,Cash Check Credit Plus-Dollars
4725 GWYNN OAK AVE Baltimore MD,Cash Check
501 LEHIGH ST Baltimore MD,Cash Check Debit Plus-Dollars
2148 WILKENS AVE Baltimore MD,Check Credit Debit
118 25TH ST Baltimore MD,Cash Check Credit
3351 53 GREENMOUNT AVE Baltimore MD,Check Credit Debit
5 COMMERCE ST Baltimore MD,Check Plus-Dollars
26 CROSS ST Baltimore MD,Plus-Dollars
4215 MONUMENT ST Baltimore MD,Credit
301 LIGHT ST Baltimore MD,Check Credit Debit Plus-Dollars
1340 SMITH AVE Baltimore MD,Check Credit
2400 BOSTON ST Baltimore MD,Check Credit Debit
3201 ST PAUL ST Baltimore MD,Credit Plus-Dollars
1 EUTAW ST Baltimore MD,Debit
1209 CHARLES ST Baltimore MD,Cash Check Credit Plus-Dollars
2701 FAIRMOUNT AVE Baltimore MD,Credit
3311 ANNAPOLIS RD Baltimore MD,Cash Check Debit Plus-Dollars
1816 CHARLES ST Baltimore MD,Credit
540 DUNDALK AVE Baltimore MD,Check Credit Debit Plus-Dollars
2401 CHASE ST Baltimore MD,Check Credit Debit Plus-Dollars
3538 HANOVER ST Baltimore MD,Check Plus-Dollars
1400 NORTH AVE Baltimore MD,Check Credit
1700 COLDSPRING LN Baltimore MD,Credit Plus-Dollars
200 lexington st Baltimore MD,Check
2149 PATAPSCO AVE Baltimore MD,Check Debit Plus-Dollars
423 BALTIMORE ST Baltimore MD,Check Credit Debit
600 WOLFE ST Baltimore MD,Check
900 CATON AVE Baltimore MD,Debit
632 BROADWAY Baltimore MD,Cash Check
1301 CHARLES ST Baltimore MD,Check
2361 DRUID HILL AVE Baltimore MD,Cash Check Debit
2436 CHARLES ST Baltimore MD,Plus-Dollars
1451 LIGHT ST Baltimore MD,Check
1713 EASTERN AVE Baltimore MD,Cash Check Credit Plus-Dollars
4501 CHARLES ST Baltimore MD,Check Credit Debit Plus-Dollars
606 PATAPSCO AVE Baltimore MD,Check Plus-Dollars
2748 LIGHTHOUSE POINT Baltimore MD,Cash
7 CALVERT ST Baltimore MD,Cash Debit Plus-Dollars
1009 36TH ST Baltimore MD,Check Debit Plus-Dollars
111 CHARLES ST Baltimore MD,Cash Check Debit
3215 CHARLES ST Baltimore MD,Check Credit Debit Plus-Dollars
1125 CHARLES ST Baltimore MD,Cash Check
4106 FREDERICK AVE Baltimore MD,Check Plus-Dollars
1401 BLOOMFIELD AVE Baltimore MD,Plus-Dollars
500 HARBORVIEW DR Baltimore MD,Cash Check Credit Plus-Dollars
3319 PULASKI HWY Baltimore MD,Debit
3110 HOLLINS FERRY RD Baltimore MD,Cash Check Credit
618 EXETER ST Baltimore MD,Cash Check Credit Plus-Dollars
527 BROADWAY Baltimore MD,Check Credit Plus-Dollars
1911 ALICEANNA ST Baltimore MD,Cash
203 DAVIS ST Baltimore MD,Cash Credit Debit
3327 ST PAUL ST Baltimore MD,Cash Check Credit Debit
5722 YORK RD Baltimore MD,Debit
1711 CHARLES ST Baltimore MD,Cash Credit
510 BELVEDERE AVE Baltimore MD,Cash Check Plus-Dollars
4314 CURTIS AVE Baltimore MD,Cash Debit Plus-Dollars
4314 CURTIS AVENUE Baltimore MD,Check Plus-Dollars
5000 PENNINGTON AVE Baltimore MD,Cash Credit Debit
1201 POTOMAC ST Baltimore MD,Check Credit Debit
1006 LIGHT ST Baltimore MD,Cash Credit Debit Plus-Dollars
2705 PENNSYLVANIA AVE Baltimore MD,Credit
1207 CHARLES ST Baltimore MD,Check
1019 LIGHT ST Baltimore MD,Cash Credit Debit Plus-Dollars
3316 GREENMOUNT AVE Baltimore MD,Check Plus-Dollars
10 CROSS ST Baltimore MD,Cash Credit
1645 THAMES ST Baltimore MD,Cash Credit Plus-Dollars
1508 DESOTO RD Baltimore MD,Credit
1212 CATHEDRAL ST Baltimore MD,Credit
6401 BECKLEY ST Baltimore MD,Cash Credit
1444 LIGHT ST Baltimore MD,Cash Check Debit Plus-Dollars
1718 LANCASTER ST Baltimore MD,Cash Credit Plus-Dollars
924 CHARLES ST Baltimore MD,Credit Plus-Dollars
1106 CHARLES ST Baltimore MD,Credit
120 LOMBARD ST Baltimore MD,Cash Check Debit Plus-Dollars
1822 FLEET ST Baltimore MD,Credit Debit
500 PRATT ST Baltimore MD,Cash Check Credit
4740 LIBERTY HEIGHTS AVE Baltimore MD,Check Plus-Dollars
1730 THAMES ST Baltimore MD,Cash Check Debit Plus-Dollars
4341 harford rd Baltimore MD,Check Debit
201 PRATT ST Baltimore MD,Plus-Dollars
406 PARK AVE Baltimore MD,Cash Check
2801 WILKENS AVE Baltimore MD,Credit
3327 ST PAUL ST Baltimore MD,Cash Credit
1728 CHARLES ST Baltimore MD,Cash Check
203 READ ST Baltimore MD,Debit
2015 FEDERAL ST Baltimore MD,Cash
2015 FEDERAL ST Baltimore MD,Cash Credit
11 MOUNT VERNON PL Baltimore MD,Cash Debit Plus-Dollars
501 COLDSPRING LN Baltimore MD,Check Credit Debit
3537 FAIRMOUNT AVE Baltimore MD,Cash Credit
5405 RADECKE AVE Baltimore MD,Check Credit Plus-Dollars
2510 GARRETT AVE Baltimore MD,Check Credit Plus-Dollars
5801 PULASKI HWY Baltimore MD,Credit
2300 BOSTON ST Baltimore MD,Cash Check Credit Plus-Dollars
6804 EASTERN AVE Baltimore MD,Cash Check Debit Plus-Dollars
36 EUTAW ST Baltimore MD,Check Debit Plus-Dollars
722 BROADWAY Baltimore MD,Check Debit
5921 YORK RD Baltimore MD,Credit
1626 THAMES ST Baltimore MD,Plus-Dollars
6003 BELAIR RD Baltimore MD,Check Plus-Dollars
6016 HARFORD RD Baltimore MD,Plus-Dollars
400 KEY HWY Baltimore MD,Cash Check Plus-Dollars
3531 GOUGH ST Baltimore MD,Cash Check Debit
2031 FAIRMOUNT AVE Baltimore MD,Credit
10 MARKET PL Baltimore MD,Plus-Dollars
4238 FREDERICK AVE Baltimore MD,Check Plus-Dollars
153 PATTERSON PARK AVE Baltimore MD,Check Debit Plus-Dollars
414 BALTIMORE ST Baltimore MD,Cash Check Credit Debit
1432 CHESTER ST Baltimore MD,Cash Credit
1 CURLEY ST Baltimore MD,Cash Check Debit
1 CURLEY ST Baltimore MD,Cash Check Credit Debit
1552 HAVENWOOD RD Baltimore MD,Cash Check Credit Debit
138 25TH ST Baltimore MD,Cash Debit Plus-Dollars
6016 HARFORD RD Baltimore MD,Cash Check Credit Debit
801 ALICEANNA ST Baltimore MD,Check Credit Debit
132 CAREY ST Baltimore MD,Cash Debit Plus-Dollars
315 FRANKLIN ST Baltimore MD,Cash Check Plus-Dollars
4103 PIMLICO RD Baltimore MD,Credit
1101 CALVERT ST Baltimore MD,Cash Check Credit
3607 FLEET ST Baltimore MD,Cash Debit
906 WOLFE ST Baltimore MD,Cash Check Credit Plus-Dollars
1633 CHARLES ST Baltimore MD,Credit
6044 HARFORD RD Baltimore MD,Cash Check
600 CHARLES ST Baltimore MD,Credit Debit
1710 THAMES ST Baltimore MD,Check Debit Plus-Dollars
206 PRATT ST Baltimore MD,Cash Debit Plus-Dollars
2711 FAYETTE ST Baltimore MD,Check Debit Plus-Dollars
921 FORT AVE Baltimore MD,Check Plus-Dollars
2433 ST PAUL ST Baltimore MD,Cash Check Credit Debit
6037 BELAIR RD Baltimore MD,Plus-Dollars
1538 CLEMENT ST Baltimore MD,Cash Plus-Dollars
3534 belair RD Baltimore MD,Check
1027 LIGHT ST Baltimore MD,Cash Check Credit Debit
4600 CURTIS AVE Baltimore MD,Credit
900 KENWOOD AVE Baltimore MD,Check
2224 FLEET ST Baltimore MD,Plus-Dollars
1107 LIGHT ST Baltimore MD,Check Debit Plus-Dollars
1717 EASTERN AVE Baltimore MD,Check Credit Debit Plus-Dollars
10 FRANKLIN ST Baltimore MD,Plus-Dollars
201 PRATT ST Baltimore MD,Plus-Dollars
700 BROADWAY Baltimore MD,Cash Plus-Dollars
2942 MONUMENT ST Baltimore MD,Plus-Dollars
200 CONKLING ST Baltimore MD,Credit Debit
4719 EASTERN AVE Baltimore MD,Check Credit
3801 OLD YORK RD Baltimore MD,Cash Check Credit
1701 ELLSWORTH ST Baltimore MD,Check
600 WOLFE ST Baltimore MD,Debit
301 MACON ST Baltimore MD,Debit
6500 HOLABIRD AVE Baltimore MD,Credit Plus-Dollars
225 CHARLES ST Baltimore MD,Cash Check Debit
8 PLEASANT ST Baltimore MD,Cash Check Debit Plus-Dollars
222 ST PAUL PL Baltimore MD,Check Credit Debit
3242 FOSTER AVE Baltimore MD,Cash Check Debit
5402 PARK HEIGHTS AVE Baltimore MD,Cash Plus-Dollars
1813 CHARLES ST Baltimore MD,Check Credit Plus-Dollars
5205 REISTERSTOWN RD Baltimore MD,Plus-Dollars
5100 FALLS RD Baltimore MD,Cash
758 WASHINGTON BLVD Baltimore MD,Check Debit
1300 BANK ST Baltimore MD,Cash Check Plus-Dollars
222 ST PAUL PL Baltimore MD,Cash Check Credit Debit
226 FAYETTE ST Baltimore MD,Cash Check Credit Debit
12 CROSS st Baltimore MD,Credit Plus-Dollars
2139 JEFFERSON ST Baltimore MD,Credit Debit Plus-Dollars
1 HOWARD ST Baltimore MD,Check Debit
127 27TH ST Baltimore MD,Debit
870 PARK AVE Baltimore MD,Cash Check Credit
2112 FLEET ST Baltimore MD,Plus-Dollars
2112 FLEET ST Baltimore MD,Cash Check Debit Plus-Dollars
44 SOUTH ST Baltimore MD,Check Debit
2351 WASHINGTON BLVD Baltimore MD,Debit Plus-Dollars
550 DUNDALK AVE Baltimore MD,Credit Debit Plus-Dollars
1010 OLDHAM ST Baltimore MD,Cash Credit Debit Plus-Dollars
2253 MC ELDERRY ST Baltimore MD,Debit
34 eutaw st Baltimore MD,Cash Check Debit
1833 PRATT ST Baltimore MD,Check Debit
601 patapsco ave Baltimore MD,Cash Check Debit Plus-Dollars
222 ALBEMARLE ST Baltimore MD,Cash Credit Debit
6627 HARFORD RD Baltimore MD,Credit Debit Plus-Dollars
204 HIGH ST Baltimore MD,Cash Check Credit Debit
339 CONKLING ST Baltimore MD,Check Credit
3713 GREENMOUNT AVE Baltimore MD,Check Credit Debit Plus-Dollars
1135 MONROE ST Baltimore MD,Cash Check
335 NORTH AVE Baltimore MD,Cash Credit
5101 EASTERN AVE Baltimore MD,Check
6212 HOLABIRD AVE Baltimore MD,Check Credit Plus-Dollars
110 HAVEN ST Baltimore MD,Cash Check Plus-Dollars
6304 YORK RD Baltimore MD,Debit Plus-Dollars
2811 DRUID PARK DR Baltimore MD,Cash
823 POINT RD Baltimore MD,Cash Check Credit Debit
3201 O DONNELL ST Baltimore MD,Check Debit Plus-Dollars
920 3OTH ST Baltimore MD,Debit Plus-Dollars
6700 GERMAN HILL RD Baltimore MD,Cash Check
2339 FREDERICK AVE Baltimore MD,Cash Check Debit Plus-Dollars
4200 PATTERSON AVE Baltimore MD,Check Debit
901 McCulloh Baltimore MD,Check
6411 EASTERN AVE Baltimore MD,Cash Plus-Dollars
2045 HARFORD RD Baltimore MD,Check Plus-Dollars
5615 YORK RD Baltimore MD,Check Credit Debit
4410 NORTHERN PKWY Baltimore MD,Cash Debit Plus-Dollars
231 REDWOOD ST Baltimore MD,Cash Check Debit Plus-Dollars
328 BENTALOU ST Baltimore MD,Check Credit Plus-Dollars
1811 BAKER ST Baltimore MD,Cash Check
807 BROADWAY Baltimore MD,Check Credit Debit
4502 ERDMAN AVE Baltimore MD,Cash Check Credit Debit
5307 BELAIR RD Baltimore MD,Cash Check Credit
4537 HARFORD RD Baltimore MD,Cash Credit Plus-Dollars
4617 EASTERN AVE Baltimore MD,Cash Check Debit Plus-Dollars
834 CONKLING ST Baltimore MD,Plus-Dollars
2343 MONUMENT ST Baltimore MD,Cash
2010 CLIPPER PARK RD Baltimore MD,Check
2215 KIRK AVE Baltimore MD,Credit Debit
4515 YORK RD Baltimore MD,Credit
3101 WYLIE AVE Baltimore MD,Cash Plus-Dollars
10 CALVERT ST Baltimore MD,Cash Credit Debit
1307 CHARLES ST Baltimore MD,Plus-Dollars
1234 GREENMOUNT AVE Baltimore MD,Cash Check Debit
5131 PARK HEIGHTS AVE Baltimore MD,Plus-Dollars
700 POTOMAC ST Baltimore MD,Check Credit Debit Plus-Dollars
5926 YORK RD Baltimore MD,Credit Debit Plus-Dollars
5407 YORK RD Baltimore MD,Credit Debit
2200 FAYETTE ST Baltimore MD,Cash Plus-Dollars
916 LIGHT ST Baltimore MD,Credit Plus-Dollars
5916 YORK RD Baltimore MD,Plus-Dollars
1313 PRATT ST Baltimore MD,Cash Check Credit Plus-Dollars
3300 LAWNVIEW AVE Baltimore MD,Check
1023 36TH ST Baltimore MD,Check Credit Debit
4710 EASTERN Ave Baltimore MD,Cash Credit
