c_account_ID, c_address, c_firstname, c_lastname, c_phone_number, c_email, user_type
707794090,3248 CEDAR ST MD 27245,REBEKAH-JOY,RASMUSSEN,(410)-241-6267,REBEKAH-JOY_RASMUSSEN@gmail.com,F2igiVoQOR,customer
036750882,555 TRADE WINDS AVE MD 85915,KELVAN,BARRETT,(410)-086-7195,KELVAN_BARRETT@gmail.com,EGEUahzHf,customer
555456316,8109 VASQUEZ AVE MD 07675,PANAYOTIS,DAUGHERTY,(410)-777-3820,PANAYOTIS_DAUGHERTY@gmail.com,miwOtHLr1j,customer
825889208,8121 LAGUNITAS DR MD 14409,ANIL,GRIFFIN,(410)-591-3434,ANIL_GRIFFIN@gmail.com,17csy,customer
117393991,5458 VIRGINIA AVE MD 32306,GENEVIEVE,BRENNAN,(410)-085-7897,GENEVIEVE_BRENNAN@gmail.com,f1cIDV,customer
943292946,264 MONTEREY BLVD MD 13828,VERONICA,HODGE,(410)-203-1169,VERONICA_HODGE@gmail.com,aVHj87ZP!7,customer
705330833,2023 YORK ST MD 09588,PEDRAM,FLORES,(410)-212-8480,PEDRAM_FLORES@gmail.com,Itcu6,customer
859036902,2087 WINN WAY MD 94175,RANEEN,MORTON,(410)-547-7956,RANEEN_MORTON@gmail.com,Wic!CbZ!C,customer
722497895,4429 INA CT MD 07509,CARLOS,BARNES,(410)-052-7857,CARLOS_BARNES@gmail.com,SpmwCwPuo,customer
181992434,2420 UNNAMED 108 MD 28373,JOSS,CORDOVA,(410)-391-9739,JOSS_CORDOVA@gmail.com,z8kqJ,customer
152173627,5021 LAKEVIEW AVE MD 63930,YUSSUF,MCCANN,(410)-246-3615,YUSSUF_MCCANN@gmail.com,biRYsOyb,customer
805639052,1358 INCINERATOR RD MD 13218,KAY,LEWIS,(410)-444-0521,KAY_LEWIS@gmail.com,SvGp6lk,customer
908027694,5717 ROACH ST MD 57568,KRISTIN-ANNE,CONRAD,(410)-045-1492,KRISTIN-ANNE_CONRAD@gmail.com,M3iuUmKg,customer
982135557,2394 HITCHCOCK ST MD 60067,VIOLET,GATES,(410)-610-2347,VIOLET_GATES@gmail.com,jbuM2,customer
428666469,8951 FRANCIS ST MD 79838,MERRIDY,HOUSTON,(410)-317-8111,MERRIDY_HOUSTON@gmail.com,drtrH9DC,customer
203509738,9798 SAGAMORE ST MD 90566,CAROLINE-MARY,EVANS,(410)-520-6045,CAROLINE-MARY_EVANS@gmail.com,vuWqj,customer
069860850,1977 STEUART ST MD 53025,ROBYIU,HAMPTON,(410)-095-2269,ROBYIU_HAMPTON@gmail.com,yuv9qHk12,customer
432301516,2748 WORCESTER AVE MD 50229,EMMY,BURNETT,(410)-266-6749,EMMY_BURNETT@gmail.com,y7h8r,customer
404082077,1943 DAKOTA ST MD 78570,ELLANA,BANKS,(410)-512-8779,ELLANA_BANKS@gmail.com,juEI4I5,customer
589593407,8034 HAHN ST MD 09133,KRISTEEN,JIMENEZ,(410)-075-4460,KRISTEEN_JIMENEZ@gmail.com,YYm51,customer
481519947,65 SIBERT LOOP MD 10778,ASZERA,KIDD,(410)-668-7085,ASZERA_KIDD@gmail.com,u77Ops,customer
399502390,7392 ALLSTON WAY MD 70151,CARLENE,GREENE,(410)-799-2699,CARLENE_GREENE@gmail.com,CBsmWqdo,customer
161014122,8946 H ST MD 03203,JIMMY,HARDIN,(410)-312-2772,JIMMY_HARDIN@gmail.com,cLBRcB,customer
675767458,4214 SYLVAN DR MD 59436,RIFFHAT,CASTILLO,(410)-082-9973,RIFFHAT_CASTILLO@gmail.com,jHwJfNAHw,customer
251789039,5416 JOHN F KENNEDY DR MD 96425,JEMA,STRICKLAND,(410)-578-7644,JEMA_STRICKLAND@gmail.com,H8QT!beod,customer
333629673,9027 CHARLES J BRENHAM PL MD 22500,ASHBURN,WALTON,(410)-390-6378,ASHBURN_WALTON@gmail.com,axaHO6,customer
876876786,8365 LAGUNA HONDA BLVD MD 04952,GURBINDER,WELCH,(410)-112-2864,GURBINDER_WELCH@gmail.com,!Is6JW9,customer
879973387,6267 PLYMOUTH AVE MD 57272,AMINUR,WATTS,(410)-833-4969,AMINUR_WATTS@gmail.com,yG1yVl,customer
857140579,6030 CRAVATH ST MD 47301,SHAMILA,DUNN,(410)-874-7927,SHAMILA_DUNN@gmail.com,T9ffAv,customer
650766425,9601 ADAM ST MD 55129,IQBAL,MONTOYA,(410)-049-4208,IQBAL_MONTOYA@gmail.com,nx6Gttq,customer
052291549,910 NORMANDIE TER MD 30802,ORRY,ACOSTA,(410)-355-7879,ORRY_ACOSTA@gmail.com,7qKT!m6lS4,customer
942788810,2991 NAVAJO AVE MD 39706,MADELYN,ANDERSEN,(410)-260-7047,MADELYN_ANDERSEN@gmail.com,N155uyRM,customer
537045006,4003 LELAND AVE MD 41290,SONJA,MITCHELL,(410)-074-2525,SONJA_MITCHELL@gmail.com,oAxwCHR,customer
936876546,1023 ALLEN ST MD 15102,KELLEY,FORD,(410)-723-3248,KELLEY_FORD@gmail.com,Irbk75LS3,customer
290591240,3861 TOLAND ST MD 09136,MYRANN,ROSALES,(410)-170-9669,MYRANN_ROSALES@gmail.com,6EDL8CEiT,customer
983794758,9636 SPOFFORD ST MD 63959,WALID,BENTON,(410)-285-3684,WALID_BENTON@gmail.com,B4833Ywx1,customer
368077397,5352 UNNAMED 035 MD 19794,ERLAND,GRIMES,(410)-196-7664,ERLAND_GRIMES@gmail.com,vZY28UMEae,customer
200115492,6319 WILDWOOD WAY MD 14688,MELODEE,JOYCE,(410)-515-8517,MELODEE_JOYCE@gmail.com,AgFkH,customer
955178440,4850 RETIRO WAY MD 05102,USMANN,COOLEY,(410)-088-4811,USMANN_COOLEY@gmail.com,QCes9pTw8,customer
837077652,1714 SAN PABLO AVE MD 59408,WENDI,GALLEGOS,(410)-018-3185,WENDI_GALLEGOS@gmail.com,BiAjEgX,customer
914984047,319 HARDING RD MD 06547,KLAAS,KOCH,(410)-617-2042,KLAAS_KOCH@gmail.com,9KQXOcP,customer
432928846,4477 FANNING WAY MD 12880,SHERYL,NUNEZ,(410)-702-2047,SHERYL_NUNEZ@gmail.com,Qunsdrh4v,customer
802227513,1845 INA CT MD 80214,SYDNEY,BATES,(410)-874-6452,SYDNEY_BATES@gmail.com,LE8KsUm,customer
998829924,5820 BAY SHORE BLVD MD 07870,NOAF,MCCARTHY,(410)-787-3182,NOAF_MCCARTHY@gmail.com,6D3fi,customer
179335292,5989 SOTELO AVE MD 20545,KATRIANA,KANE,(410)-075-6443,KATRIANA_KANE@gmail.com,oeyYaGTz,customer
742148363,4918 DRUMM ST MD 83193,DEANE,ODONNELL,(410)-561-9832,DEANE_ODONNELL@gmail.com,cQcECPcz,customer
732043245,3540 PERINE PL MD 80426,DIANNE,BLACK,(410)-583-3881,DIANNE_BLACK@gmail.com,qAFEy4RJT,customer
381073040,6364 UNNAMED 107 MD 87041,LOLA,MEADOWS,(410)-380-8297,LOLA_MEADOWS@gmail.com,YftIF,customer
104267710,1666 WHITING WAY MD 66026,KHALID,FARLEY,(410)-243-1625,KHALID_FARLEY@gmail.com,LVu9b,customer
391642007,9759 BATTERY WAGNER RD MD 69053,YUYA,OCONNOR,(410)-827-4464,YUYA_OCONNOR@gmail.com,yh9bWuwl,customer
248475712,7268 SPRECKELS LAKE DR MD 37211,CAROLANN,ARNOLD,(410)-206-3750,CAROLANN_ARNOLD@gmail.com,8TG6xhdZmF,customer
067829642,248 HARLOW ST MD 62113,ERIK,FORBES,(410)-104-2944,ERIK_FORBES@gmail.com,JeBsjB5,customer
501944376,8210 FONTINELLA TER MD 68004,DEE,CALLAHAN,(410)-167-5730,DEE_CALLAHAN@gmail.com,quSFBGC,customer
479471129,164 PLANK RD MD 64680,MARISSA,WHEELER,(410)-710-1649,MARISSA_WHEELER@gmail.com,oLTlp,customer
610201313,6301 WOOL ST MD 64405,THOMAS,TUCKER,(410)-478-8066,THOMAS_TUCKER@gmail.com,fkfPY7I,customer
803297784,7648 HAYS ST MD 11275,CHRISTOS,MURPHY,(410)-346-3143,CHRISTOS_MURPHY@gmail.com,z7WChd9YC,customer
960916853,3889 JEFF ADACHI WAY MD 42592,ROZLYN,ZAVALA,(410)-235-1884,ROZLYN_ZAVALA@gmail.com,5D1rcng,customer
590994714,9799 MCCOPPIN ST MD 87558,KERRY,JONES,(410)-138-9193,KERRY_JONES@gmail.com,2HYUF,customer
571023735,9619 HAIGHT ST MD 16233,KIRSTENE,BERRY,(410)-241-1566,KIRSTENE_BERRY@gmail.com,suiHoPjl!R,customer
238218463,708 SHAFTER CT MD 29991,MEGHA,FRY,(410)-056-5686,MEGHA_FRY@gmail.com,uQ2koQw3Q6,customer
316623371,8441 TRANSVERSE DR MD 96641,YOUSSEF,LIVINGSTON,(410)-852-8133,YOUSSEF_LIVINGSTON@gmail.com,uCwkUy1Z,customer
003392243,6013 BERTHA LN MD 79411,LEANNA,PROCTOR,(410)-817-9599,LEANNA_PROCTOR@gmail.com,YlCZngyL,customer
168489262,6762 BATTERY DYNAMITE RD MD 53984,ANDREAS,FIGUEROA,(410)-103-9060,ANDREAS_FIGUEROA@gmail.com,sGQe7xriV,customer
934547504,3317 VAN DYKE AVE MD 43679,LIZA,SALAZAR,(410)-591-5634,LIZA_SALAZAR@gmail.com,lLeMNB,customer
411707073,5765 STONECREST DR MD 29268,AMANI,CANTU,(410)-544-8622,AMANI_CANTU@gmail.com,!BQaAAHIec,customer
362576837,2621 BEAUMONT AVE MD 29972,EOIN,LIVINGSTON,(410)-187-3079,EOIN_LIVINGSTON@gmail.com,9FcP8Tp,customer
297541774,9370 ICEHOUSE ALY MD 52626,EMMA,BYRD,(410)-630-6412,EMMA_BYRD@gmail.com,SvuGI,customer
242419604,8452 AVENUE OF THE PALMS MD 82543,GEMMA,HERRING,(410)-799-0699,GEMMA_HERRING@gmail.com,rB2MoG,customer
522599338,9162 MORSE ST MD 92514,KRYSTALL,PEREZ,(410)-009-8496,KRYSTALL_PEREZ@gmail.com,YXonN5y4,customer
662755212,4913 FREDELA LN MD 21036,BETHAN,STEPHENS,(410)-098-6264,BETHAN_STEPHENS@gmail.com,xpBRhW6qJZ,customer
460612935,4351 CABRILLO ST MD 21012,WARREN,LYONS,(410)-261-8015,WARREN_LYONS@gmail.com,kH32fL,customer
000668558,453 BAXTER ALY MD 32656,STEPH,AVERY,(410)-392-9681,STEPH_AVERY@gmail.com,tfhsqv4,customer
754518803,7964 SAM JORDANS WAY MD 72927,SAPPHIRE,MORA,(410)-770-0304,SAPPHIRE_MORA@gmail.com,inmW2W4YDe,customer
353157624,7750 HUSSEY ST MD 70423,VICTOR,HALL,(410)-083-5282,VICTOR_HALL@gmail.com,wImt8iT5,customer
016653997,411 WOODSIDE AVE MD 16008,NIMRA,RODGERS,(410)-081-6673,NIMRA_RODGERS@gmail.com,Vw!JA,customer
718546516,7043 BECKETT ST MD 86946,SAMRINA,PETERSON,(410)-017-3786,SAMRINA_PETERSON@gmail.com,mJ!8sCyd,customer
521477840,9374 21ST ST MD 87982,JAVAD,DECKER,(410)-282-1784,JAVAD_DECKER@gmail.com,83nMk,customer
625400723,613 CHILD ST MD 49105,ARBAB,PRINCE,(410)-338-9622,ARBAB_PRINCE@gmail.com,o49ck4N,customer
645103611,9776 CADELL PL MD 49893,CHANELLE,POWELL,(410)-392-5056,CHANELLE_POWELL@gmail.com,tgVCdnD,customer
079621490,706 GRAHAM ST MD 49066,ABDOL-RAHMAN,HUYNH,(410)-619-6919,ABDOL-RAHMAN_HUYNH@gmail.com,ZOoqzfc2,customer
022311459,6921 42ND AVE MD 53236,TRISTRUM,BARAJAS,(410)-728-7971,TRISTRUM_BARAJAS@gmail.com,UXJmg5jk6,customer
369899809,7777 ONONDAGA AVE MD 41409,HANNAH-JANE,HUNTER,(410)-148-8215,HANNAH-JANE_HUNTER@gmail.com,ge7l!ZRS7e,customer
069066440,5907 BRAZIL AVE MD 40413,SEONAGH,SMALL,(410)-731-4656,SEONAGH_SMALL@gmail.com,Z!Pxzknj,customer
033990532,6507 EWING TER MD 26997,MARINA,SLOAN,(410)-664-7584,MARINA_SLOAN@gmail.com,9cVqX758dA,customer
263848465,783 DICHA ALY MD 92726,AELRID,LONG,(410)-704-5141,AELRID_LONG@gmail.com,xYK9f,customer
819056077,3250 DANIEL BURNHAM CT MD 22780,ROSALIND,LEBLANC,(410)-095-1346,ROSALIND_LEBLANC@gmail.com,aWkhof,customer
819675704,5007 HOMER ST MD 82002,HEATHERANNE,FULLER,(410)-737-7897,HEATHERANNE_FULLER@gmail.com,j5ldK5,customer
227493352,9030 BEACHMONT DR MD 49660,LINTON,DUNN,(410)-885-0671,LINTON_DUNN@gmail.com,ab9!a6,customer
828866794,1760 MARCY PL MD 64175,NIA,SAMPSON,(410)-215-7722,NIA_SAMPSON@gmail.com,DT3Rr8,customer
687838832,964 43RD AVE MD 89224,LIANN,RASMUSSEN,(410)-502-5894,LIANN_RASMUSSEN@gmail.com,O9d3tM,customer
121461419,353 MARTIN AVE MD 08759,JAYELLEN,REYNOLDS,(410)-135-7876,JAYELLEN_REYNOLDS@gmail.com,IMHTuwZTYj,customer
174191402,1213 RECYCLING CENTER ACCESS RD MD 57727,CARIN,MUELLER,(410)-681-9630,CARIN_MUELLER@gmail.com,H8FCa5tcJ,customer
515368476,1966 INDUSTRIAL ST ON RAMP MD 73729,CARA-MARIE,SHEPPARD,(410)-733-0833,CARA-MARIE_SHEPPARD@gmail.com,NVngTh,customer
104194584,1862 HWY 101 NORTHBOUND RAMP MD 10274,JAYDE,MONTGOMERY,(410)-375-4222,JAYDE_MONTGOMERY@gmail.com,r1mzMY,customer
490491220,411 ALPINE TER MD 37399,CHLOE,STEPHENSON,(410)-511-4456,CHLOE_STEPHENSON@gmail.com,wev85bl3u,customer
491121695,5557 40TH AVE MD 37656,HASSAN,GILMORE,(410)-206-9274,HASSAN_GILMORE@gmail.com,7VEvzJ2,customer
292373678,5195 WILDER ST MD 33529,RAHUL,BOWMAN,(410)-548-3544,RAHUL_BOWMAN@gmail.com,MJFh4VJt,customer
356041772,4319 HARPER ST MD 99731,THERESE,SNOW,(410)-008-4249,THERESE_SNOW@gmail.com,9JI9Z,customer
763568764,7557 JUNIPERO SERRA BLVD OFF RAMP MD 13275,EDEN,HICKS,(410)-384-2958,EDEN_HICKS@gmail.com,IawkKtR,customer
163819957,1667 RIPLEY ST MD 67766,DINI,SCHAEFER,(410)-211-2792,DINI_SCHAEFER@gmail.com,b5hcb,customer
227219840,7019 LENDRUM CT MD 61810,DARYN,WEBB,(410)-796-7647,DARYN_WEBB@gmail.com,1j4qHFtck,customer
122863725,7295 PRESIDIO BLVD MD 58062,DAWN,KRUEGER,(410)-304-8251,DAWN_KRUEGER@gmail.com,7xjCs3H47,customer
602539931,9857 09TH AVE MD 01060,CHALONER,BRENNAN,(410)-774-4623,CHALONER_BRENNAN@gmail.com,y7zB4OxQ,customer
913424257,4142 GARDEN WALK MD 54795,NIKKY,FRYE,(410)-659-6197,NIKKY_FRYE@gmail.com,qbQEDhf2yT,customer
970574696,4358 NOTTINGHAM PL MD 68212,CARRAN,CAREY,(410)-628-3109,CARRAN_CAREY@gmail.com,BkfI!9,customer
113473620,5147 TOWNSEND ST MD 44882,HAYLIE,BOYER,(410)-127-7726,HAYLIE_BOYER@gmail.com,cYU99OXw,customer
419864144,3148 SOUTH VAN HORN LN MD 79090,YASIN,CAIN,(410)-195-5443,YASIN_CAIN@gmail.com,p89xS,customer
530294321,1271 CASHMERE ST MD 91203,THAWN,KAISER,(410)-003-8676,THAWN_KAISER@gmail.com,YQBybM2z1G,customer
633940365,3275 KORET WAY MD 72002,TOR,NEWMAN,(410)-102-1661,TOR_NEWMAN@gmail.com,HNkNv5Zd4,customer
431530157,1383 FIFTH ST MD 20782,WALTER,BUCKLEY,(410)-834-0700,WALTER_BUCKLEY@gmail.com,RPwO!Zy1JY,customer
537642305,698 WEST RD MD 88961,MARTIN,WALTERS,(410)-115-0164,MARTIN_WALTERS@gmail.com,!KKek,customer
257666762,7237 JULES AVE MD 48757,NEETA,CROSS,(410)-692-8918,NEETA_CROSS@gmail.com,kFMRd292J,customer
954081862,75 ANSON PL MD 02101,ZEESHAN,WOLF,(410)-799-8975,ZEESHAN_WOLF@gmail.com,FllpJs,customer
405046774,2738 DAVIS ST MD 38555,SHARA,HALE,(410)-041-0466,SHARA_HALE@gmail.com,UMGGA3nF,customer
517266261,5859 PIOCHE ST MD 69918,CAVAN,MANN,(410)-358-5966,CAVAN_MANN@gmail.com,dX21aZLp2l,customer
452586854,8314 RANKIN ST MD 73577,MARLENE,COOK,(410)-860-7959,MARLENE_COOK@gmail.com,Oq!lzPvM,customer
184845375,3654 HUNTERS POINT BLVD MD 32998,ZING,MCCALL,(410)-876-6921,ZING_MCCALL@gmail.com,BlDsZ,customer
965828858,7930 MANSEAU ST MD 43488,JED,ROSARIO,(410)-188-1357,JED_ROSARIO@gmail.com,liaeU!n,customer
771128233,8846 CORWIN ST MD 89726,FAIZAH,MENDOZA,(410)-166-9829,FAIZAH_MENDOZA@gmail.com,X35uQ49!N,customer
501203214,4493 MILES ST MD 48324,EAMONN,POTTER,(410)-252-1719,EAMONN_POTTER@gmail.com,!oTLLp,customer
099385421,6230 MERCHANT ST MD 95672,STEFAN,PONCE,(410)-285-6958,STEFAN_PONCE@gmail.com,n4rMim,customer
648984385,3540 GATUN ALY MD 49378,CALLI,WILKINS,(410)-050-4750,CALLI_WILKINS@gmail.com,AJsDn1h,customer
540900482,835 WALKER CT MD 85962,MUNWAR,MOSES,(410)-031-0847,MUNWAR_MOSES@gmail.com,ZAe9SVhn,customer
188614971,1265 DIVISION ST MD 12738,CORDELIA,VALENCIA,(410)-829-0915,CORDELIA_VALENCIA@gmail.com,4!EOLr,customer
238125961,5334 ROTTECK ST MD 97733,JAYMIE,MCKINNEY,(410)-259-2014,JAYMIE_MCKINNEY@gmail.com,1ifS2W,customer
580021560,8311 TIOGA AVE MD 40847,RILEY,PUGH,(410)-773-4129,RILEY_PUGH@gmail.com,uNI7Cy1j7,customer
383168041,7323 PROSPER ST MD 54452,ROSALYNN,WAGNER,(410)-048-3210,ROSALYNN_WAGNER@gmail.com,!MPJhmMG,customer
338967170,5195 VELASCO AVE MD 49214,DARRYL,MASSEY,(410)-241-0797,DARRYL_MASSEY@gmail.com,bkewG,customer
438206173,6474 HUNTINGTON DR MD 13044,ROZANNE,WALKER,(410)-109-3603,ROZANNE_WALKER@gmail.com,HKvQgnAo,customer
891580066,5038 DIXIE ALY MD 16600,PAT,MUELLER,(410)-066-3937,PAT_MUELLER@gmail.com,gt1Nl,customer
835315375,3162 HWY 1 TO HWY 101 NORTHBOUND RAMP MD 94238,MAREC,LEE,(410)-739-4185,MAREC_LEE@gmail.com,vWu16o,customer
568334760,7938 BERNICE ST MD 76683,KERRYANN,SWANSON,(410)-865-0560,KERRYANN_SWANSON@gmail.com,zvdOVtk9NL,customer
481067318,7946 DUNCAN ST MD 48705,ROBIN,CROSS,(410)-572-0504,ROBIN_CROSS@gmail.com,cjbppZW,customer
800582019,9253 RILEY AVE MD 76772,GERRY,SEXTON,(410)-200-6373,GERRY_SEXTON@gmail.com,zcTYU9Jmj,customer
224991804,6602 SPOFFORD ST MD 56090,JENNA,DELEON,(410)-008-6551,JENNA_DELEON@gmail.com,5FdlabkKoz,customer
015787060,1666 GLENHAVEN LN MD 14952,CHINENYE,ALLEN,(410)-076-8577,CHINENYE_ALLEN@gmail.com,E5StoIzb2m,customer
306593278,7987 STILLINGS AVE MD 99654,COLM,CORTEZ,(410)-240-5757,COLM_CORTEZ@gmail.com,pM6eDS!,customer
105129386,5700 FORT MASON 13 MD 46844,WINDSOR,BENJAMIN,(410)-322-9455,WINDSOR_BENJAMIN@gmail.com,Jw4h2,customer
214696062,3469 MEACHAM PL MD 18952,ASAD,BARRETT,(410)-763-6700,ASAD_BARRETT@gmail.com,UjyS9c,customer
729667356,1369 BLATCHFORD LN MD 70683,GEOFFREY,MORALES,(410)-310-7105,GEOFFREY_MORALES@gmail.com,5ZI2pov6,customer
851369941,2478 LAS VILLAS CT MD 14427,JOSH,HANNA,(410)-451-3697,JOSH_HANNA@gmail.com,8934D,customer
695158841,7417 BAY VIEW ST MD 30407,DEAN,ALLEN,(410)-484-2793,DEAN_ALLEN@gmail.com,3FCZuUss2,customer
538550988,209 EVANS AVE MD 55983,LAURELLA,GRANT,(410)-272-5943,LAURELLA_GRANT@gmail.com,fhjYwzyuzi,customer
140204431,516 UNNAMED 096 MD 40786,MOLLY,MCCLURE,(410)-579-4236,MOLLY_MCCLURE@gmail.com,wJO7v6ABS,customer
059115258,9163 PERRY ST MD 91410,SARA-LEIGH,HATFIELD,(410)-352-0276,SARA-LEIGH_HATFIELD@gmail.com,m!L4w67i,customer
109991413,4222 VON SCHMIDT ST MD 50072,SHONAH,LEVY,(410)-120-1445,SHONAH_LEVY@gmail.com,P5gqRAiC,customer
334650101,2654 PARNASSUS AVE MD 40278,MICHAELLA,MCMILLAN,(410)-628-8382,MICHAELLA_MCMILLAN@gmail.com,2t9h2CRYyi,customer
834332611,1835 LITTLEFIELD TER MD 26324,CHRISTINE,WOODS,(410)-460-9782,CHRISTINE_WOODS@gmail.com,l89mB,customer
282149462,1591 MONTGOMERY ST MD 94639,CHVONNE,HURLEY,(410)-299-4768,CHVONNE_HURLEY@gmail.com,Q5Z2T,customer
771407191,8747 MALDEN ALY MD 82993,JANTHEA,AYERS,(410)-498-8813,JANTHEA_AYERS@gmail.com,G61CiOB,customer
821180617,5290 PAUL AVE MD 37590,NASREEN,ESPARZA,(410)-045-4896,NASREEN_ESPARZA@gmail.com,djDhAWJ,customer
092698498,2312 CENTURY PL MD 73410,OUSMAN,DAVIS,(410)-201-8730,OUSMAN_DAVIS@gmail.com,QAcCKSjd,customer
517785292,1970 TOPAZ WAY MD 15486,CHERREE,ESTRADA,(410)-213-1197,CHERREE_ESTRADA@gmail.com,e94lxKikAn,customer
524904552,4205 TIOGA AVE MD 74149,IVAN,WELCH,(410)-016-2171,IVAN_WELCH@gmail.com,IAptJS3Tpj,customer
578681475,6855 FREMONT ST MD 06168,KAYRENE,RICHARDS,(410)-365-3609,KAYRENE_RICHARDS@gmail.com,jdwAg,customer
792364481,3539 NEVADA ST MD 54452,KIEGHLEY,WATSON,(410)-885-1257,KIEGHLEY_WATSON@gmail.com,mzvVxesL,customer
675757190,1615 LANGDON CT MD 15050,STRATH,DUNCAN,(410)-453-3911,STRATH_DUNCAN@gmail.com,pLvyqmSqFF,customer
346252586,7979 MAIN ST MD 45598,JEMMA,BARRON,(410)-319-6975,JEMMA_BARRON@gmail.com,cJ3MZlr9,customer
153460876,9610 STONECREST DR MD 08501,RILLEEN,SCHAEFER,(410)-845-3179,RILLEEN_SCHAEFER@gmail.com,gQtuL72De,customer
901859648,5965 14TH TI ST MD 39631,GLENN,PATEL,(410)-086-8501,GLENN_PATEL@gmail.com,wDCXJ9lc,customer
417536587,8202 FITCH ST MD 19100,NAOMI,MCMAHON,(410)-642-0471,NAOMI_MCMAHON@gmail.com,iNjY1,customer
983832574,3713 VERNON ST MD 20205,PETA,HARTMAN,(410)-389-2115,PETA_HARTMAN@gmail.com,A1!sPQzoY,customer
484207624,3569 GENEVA AVE MD 93685,ELSA,LOVE,(410)-835-3611,ELSA_LOVE@gmail.com,KMMZVed,customer
291749123,5939 BAYVIEW CIR MD 90665,XENIA,STEPHENS,(410)-095-5760,XENIA_STEPHENS@gmail.com,YqIv9zQ,customer
474882592,6680 TRAINOR ST MD 43072,JOSEPH,BLACKWELL,(410)-010-9597,JOSEPH_BLACKWELL@gmail.com,!mOchX8,customer
713253799,5237 PALACE DR MD 14230,KAYRIN,CARLSON,(410)-389-7421,KAYRIN_CARLSON@gmail.com,ZxVFj!y,customer
781957276,2411 DETROIT ST MD 24402,MARIAM,KNAPP,(410)-452-0580,MARIAM_KNAPP@gmail.com,cgBpe1,customer
218545812,8187 GIBB ST MD 90856,MUHAMMED,ROSARIO,(410)-577-6894,MUHAMMED_ROSARIO@gmail.com,TGmnCGFuc,customer
915173291,9367 LA PLAYA MD 32112,DONNY,FORD,(410)-754-0934,DONNY_FORD@gmail.com,f64Frq,customer
085511477,1021 BANKS ST MD 16748,SAADIA,CALDWELL,(410)-443-8537,SAADIA_CALDWELL@gmail.com,t!GU7HJW,customer
518141227,1164 SALA TER MD 48805,WAQAAS,JACOBSON,(410)-517-6033,WAQAAS_JACOBSON@gmail.com,MLtdVCL,customer
907853380,4985 GUY PL MD 52334,SOMHAIRLE,HUFFMAN,(410)-038-4309,SOMHAIRLE_HUFFMAN@gmail.com,A6qaLKC,customer
233846713,7770 BANBURY DR MD 18333,ARIANE,ERICKSON,(410)-816-8398,ARIANE_ERICKSON@gmail.com,qqMUDXAQ,customer
650643972,4630 UNNAMED 150 MD 55774,IHSAN,MCCALL,(410)-032-0070,IHSAN_MCCALL@gmail.com,MkFRy,customer
326320359,9442 ROEMER WAY MD 07829,JODY,HARMON,(410)-545-1735,JODY_HARMON@gmail.com,najmHzoK,customer
491690472,410 SENECA AVE MD 23903,ASHTON,MORENO,(410)-126-6248,ASHTON_MORENO@gmail.com,EsENd5j9,customer
943270570,1745 PULASKI AVE MD 61949,ELOUISE,GARCIA,(410)-195-9067,ELOUISE_GARCIA@gmail.com,awARNE7sX,customer
367037704,6158 UNNAMED 099 MD 99447,MELVILLE,BALLARD,(410)-276-6478,MELVILLE_BALLARD@gmail.com,jWVbOhlS,customer
592222701,1592 LOIS LN MD 05729,CHELSEA,MCKINNEY,(410)-647-9165,CHELSEA_MCKINNEY@gmail.com,9t!gB6D,customer
797993356,4001 MAGNOLIA ST MD 39667,DEONE,YOUNG,(410)-124-3706,DEONE_YOUNG@gmail.com,Muj8VOk3o,customer
745472580,3136 MOORE PL MD 23161,SMERAH,HOLLOWAY,(410)-061-6146,SMERAH_HOLLOWAY@gmail.com,hMAd1B!aM,customer
159307575,6349 SPEAR AVE MD 99934,ARMINDER,LUTZ,(410)-868-0062,ARMINDER_LUTZ@gmail.com,k6qjJ,customer
226545858,3578 CATHERINE CT MD 81363,KEVIN,MAHONEY,(410)-413-1401,KEVIN_MAHONEY@gmail.com,zVifHQULvH,customer
066563696,23 AVERY ST MD 16681,AMANDEEP,DILLON,(410)-725-6984,AMANDEEP_DILLON@gmail.com,9Q8MhT,customer
086774232,4386 FONT BLVD MD 13489,WASEEM,CONRAD,(410)-799-9882,WASEEM_CONRAD@gmail.com,hNyHMMDONI,customer
577794733,581 HOLLY PARK CIR MD 12669,LARA,CROSS,(410)-558-4697,LARA_CROSS@gmail.com,gRL6v,customer
333041307,3242 SAN LUIS AVE MD 29510,ALDOUS,ENGLISH,(410)-809-1580,ALDOUS_ENGLISH@gmail.com,WFtqmrdBX,customer
306550665,6101 BURROWS ST MD 95043,JAMEEL,BROCK,(410)-579-2401,JAMEEL_BROCK@gmail.com,Q5opRtU3Q,customer
212226483,7521 SAMOSET ST MD 43105,LILIAS,FORD,(410)-646-6862,LILIAS_FORD@gmail.com,zkwbOyCm5x,customer
967266787,1923 MUSIC CONCOURSE ACCESS RD MD 42289,PAT,ROCHA,(410)-804-5608,PAT_ROCHA@gmail.com,Yi6RE15i,customer
989423250,6386 UNNAMED 124 MD 51349,ALICEA,ZIMMERMAN,(410)-765-6341,ALICEA_ZIMMERMAN@gmail.com,IW3XuLUk,customer
322981939,4312 LIPPARD AVE MD 34247,LUCIA,BALLARD,(410)-195-5089,LUCIA_BALLARD@gmail.com,MnRZeHB,customer
291147732,9578 PROSPER ST MD 83364,MASSIMO,HAAS,(410)-248-8764,MASSIMO_HAAS@gmail.com,phbveG,customer
081588601,2660 ILS LN MD 88383,SUMAN,DURHAM,(410)-369-0705,SUMAN_DURHAM@gmail.com,QPxnIH,customer
503061372,5310 BADEN ST MD 35803,SABATINO,WADE,(410)-796-4600,SABATINO_WADE@gmail.com,8A6Wm2,customer
405441732,4681 GRAND VIEW AVE MD 29268,TEHSEEN,ADKINS,(410)-270-3041,TEHSEEN_ADKINS@gmail.com,W4eUte7,customer
115163973,2578 CARSON ST MD 14501,IRAINA,JORDAN,(410)-661-2798,IRAINA_JORDAN@gmail.com,cizYuy!sW7,customer
649812865,6536 FRANCIS ST MD 14984,CLARA,JORDAN,(410)-501-7143,CLARA_JORDAN@gmail.com,nWZYVvf,customer
787720571,5523 SHOUP AVE MD 71253,LARISSA,BEST,(410)-854-6610,LARISSA_BEST@gmail.com,WB41YxUk,customer
732170493,3071 QUINT ST MD 38767,GAEL,SMITH,(410)-095-5809,GAEL_SMITH@gmail.com,3taipCH,customer
368243787,1133 CASELLI AVE MD 31281,RAHMAN,DAVIES,(410)-306-0025,RAHMAN_DAVIES@gmail.com,JHwI!b!2,customer
822882514,8653 LEXINGTON ST MD 22272,RASHIDA,GOULD,(410)-505-8929,RASHIDA_GOULD@gmail.com,1j6qY,customer
960983425,5073 HARVARD ST MD 03489,ALEXIS,GOLDEN,(410)-709-8098,ALEXIS_GOLDEN@gmail.com,KFWF2FcF,customer
623550701,5560 SADDLEBACK DR MD 66818,ULLA,LONG,(410)-804-2003,ULLA_LONG@gmail.com,FIxHI,customer
614413662,6159 EDNA ST MD 91784,AZAR,KNAPP,(410)-642-5628,AZAR_KNAPP@gmail.com,iTplW7,customer
271991865,1515 HALYBURTON CT MD 99378,CEVAN,HICKS,(410)-307-7724,CEVAN_HICKS@gmail.com,BayR3!5S,customer
369678807,4531 GATEVIEW 2 CT MD 67726,NEELUM,ODOM,(410)-126-1564,NEELUM_ODOM@gmail.com,bAhAK,customer
985143859,7002 DIRK DIRKSEN PL MD 96025,ANTONIO,NEWTON,(410)-582-5951,ANTONIO_NEWTON@gmail.com,muTqYWDPq,customer
429593966,1444 ROSELLA CT MD 91217,RANALD,BARTON,(410)-854-3952,RANALD_BARTON@gmail.com,WQaic89CJS,customer
188946522,4479 EL CAMINO DEL MAR MD 33695,DARYLE,LUNA,(410)-330-3222,DARYLE_LUNA@gmail.com,pM7PJjE,customer
344896812,8731 GOLDBERG LN MD 69066,LIANNE,SAUNDERS,(410)-581-6565,LIANNE_SAUNDERS@gmail.com,nRxc8,customer
936335264,5715 17TH ST MD 90212,WALLIS,GALLOWAY,(410)-535-9269,WALLIS_GALLOWAY@gmail.com,ayOQ!,customer
665299325,2736 LYON ST MD 61624,ZABIR,WILLIAMS,(410)-278-2402,ZABIR_WILLIAMS@gmail.com,jlMXJVZQ9,customer
473249944,8170 GILMAN AVE MD 64881,SIMRANDEEP,FOSTER,(410)-869-5019,SIMRANDEEP_FOSTER@gmail.com,AS6Ub,customer
101436933,410 LUNDYS LN MD 03814,RUARD,HEATH,(410)-437-0287,RUARD_HEATH@gmail.com,z5RIN,customer
997604565,3273 CAMELLIA AVE MD 56760,SHARIF,BALDWIN,(410)-461-0443,SHARIF_BALDWIN@gmail.com,EmnmRk,customer
762738758,4304 ALDER ST MD 93679,NAVEED,KRUEGER,(410)-304-7710,NAVEED_KRUEGER@gmail.com,usJM17,customer
666403686,799 MERCATO CT MD 52765,KATHLEEN,MORRISON,(410)-145-0776,KATHLEEN_MORRISON@gmail.com,!zC3imZhj1,customer
731167314,6912 SAINT MARYS AVE MD 16266,WING,HENRY,(410)-504-1179,WING_HENRY@gmail.com,J4ORtU,customer
284762745,5592 DONNER AVE MD 82352,KENDAL,CUMMINGS,(410)-822-5054,KENDAL_CUMMINGS@gmail.com,sblu6I7L,customer
300783254,3633 SPENCER ST MD 81141,GAETANO,GRAVES,(410)-032-4170,GAETANO_GRAVES@gmail.com,rLT6QQ26,customer
092907016,6409 HARE ST MD 12271,SAOIRSE,LEONARD,(410)-424-3150,SAOIRSE_LEONARD@gmail.com,u3Avr,customer
519141766,2992 CLEARY CT MD 99434,JAHANZEB,WEBER,(410)-520-5882,JAHANZEB_WEBER@gmail.com,z5O8j5I,customer
535822303,1837 BLANKEN AVE MD 52419,TONI,STEWART,(410)-345-3874,TONI_STEWART@gmail.com,G8dnIZi,customer
255727255,5906 SHANNON ST MD 01918,BRENT,WILSON,(410)-226-7460,BRENT_WILSON@gmail.com,iKl6MfNt,customer
835618929,8681 DOVE LOOP MD 25721,JOHAN,LANG,(410)-389-0036,JOHAN_LANG@gmail.com,v77564,customer
749118231,9979 FARALLONES ST MD 52373,SEN,SPENCER,(410)-568-5932,SEN_SPENCER@gmail.com,hqhDWv5,customer
936700581,2956 ANGELOS ALY MD 46695,LIANNE,REYES,(410)-101-7921,LIANNE_REYES@gmail.com,7c7Zn22,customer
827023942,4301 AVENUE OF THE PALMS MD 55401,LYNDY,SINGLETON,(410)-691-8774,LYNDY_SINGLETON@gmail.com,zlUIgl,customer
460266531,5528 FORT MASON 20 MD 88146,ERLEND,GRIFFIN,(410)-595-4424,ERLEND_GRIFFIN@gmail.com,L3WQshoyD,customer
966900921,9603 ROBERT KIRK LN MD 41324,BRODIE,ROGERS,(410)-471-0548,BRODIE_ROGERS@gmail.com,vOn5EhWieW,customer
381550509,7000 SIBERT LOOP MD 88514,EWEN,BRANCH,(410)-577-8205,EWEN_BRANCH@gmail.com,Rik!Y,customer
542199492,9613 SAN LEANDRO WAY MD 02618,NATASCIA,CORTEZ,(410)-128-9817,NATASCIA_CORTEZ@gmail.com,moWhkbM,customer
428235303,8457 STEUBEN ST MD 82486,KANG,PALMER,(410)-198-6071,KANG_PALMER@gmail.com,tPkaYaph,customer
633910388,5929 TREAT LN MD 10553,JOLEEN,LUCERO,(410)-050-2926,JOLEEN_LUCERO@gmail.com,hIOijA,customer
271477897,4943 HULBERT ALY MD 92397,MARIUM,MAYNARD,(410)-315-4808,MARIUM_MAYNARD@gmail.com,Y6SNHX43eL,customer
255577003,6752 PARK PRESIDIO BYPASS DR MD 18093,FRANCIS,DAY,(410)-500-0963,FRANCIS_DAY@gmail.com,Koq7tZ8U16,customer
501436708,2676 ISSLEIB AVE MD 16502,DARRYL,BELL,(410)-551-2824,DARRYL_BELL@gmail.com,IIIGHj,customer
402311498,2667 NELSON AVE MD 44733,BREEDA,ESTES,(410)-551-2956,BREEDA_ESTES@gmail.com,kxnAqjo,customer
199763092,580 LYDIA AVE MD 89651,ASHLEY,BEARD,(410)-091-2352,ASHLEY_BEARD@gmail.com,crWGo,customer
491120377,2046 INCINERATOR RD MD 02238,DIERDRE,GOLDEN,(410)-058-0632,DIERDRE_GOLDEN@gmail.com,Y5oQdhs,customer
444006623,5144 CHURCH PARKING LOT MD 65001,RATIKA,MCGEE,(410)-308-7120,RATIKA_MCGEE@gmail.com,T8WzvL,customer
230973624,8772 GALEWOOD CIR MD 43925,MARYANNE,YORK,(410)-512-9566,MARYANNE_YORK@gmail.com,YbYk5amS8b,customer
429753430,6700 DOUGLASS ST MD 12465,HAN-FEI,BARNETT,(410)-615-6072,HAN-FEI_BARNETT@gmail.com,UURjQlFY,customer
444695708,1309 03RD AVE MD 72669,CLARA,BARNETT,(410)-562-2726,CLARA_BARNETT@gmail.com,6KYoyv3z,customer
210845026,1374 CULEBRA TER MD 34711,FRASER,NEAL,(410)-128-6986,FRASER_NEAL@gmail.com,8XwdhYM,customer
935053134,3124 C ST MD 51840,CLARE,MADDEN,(410)-563-1456,CLARE_MADDEN@gmail.com,ZGIjQH7,customer
769162044,2995 HILLCREST RD MD 67834,TUHAL,LYONS,(410)-810-7294,TUHAL_LYONS@gmail.com,az57bX45I,customer
310125017,7793 EASTWOOD DR MD 06201,ZARRA,WILLIAMS,(410)-741-6612,ZARRA_WILLIAMS@gmail.com,DyvNLzyk,customer
491091316,2783 FRANCE AVE MD 30938,PUI-MING,DYER,(410)-819-4046,PUI-MING_DYER@gmail.com,FWZ7sjdzWj,customer
575713926,4244 MAGNOLIA ST MD 42820,ANNEMARIE,SANTIAGO,(410)-817-5211,ANNEMARIE_SANTIAGO@gmail.com,EbffiCCa,customer
179840120,7728 LA FERRERA TER MD 04813,FINDLAY,SANTIAGO,(410)-643-4322,FINDLAY_SANTIAGO@gmail.com,e2UHR,customer
932570329,9918 07TH AVE MD 86588,SURA,HORTON,(410)-602-5065,SURA_HORTON@gmail.com,Xt3uWqqC,customer
879245003,2731 OAKWOOD ST MD 92198,QUENTIN,CANNON,(410)-809-3458,QUENTIN_CANNON@gmail.com,H8kjIG,customer
625473053,4079 PRINCETON ST MD 86624,BRITNI,RAMIREZ,(410)-443-8206,BRITNI_RAMIREZ@gmail.com,DySPyk,customer
824716183,7881 WAGNER ALY MD 57473,ROXANNE,HUBBARD,(410)-408-3585,ROXANNE_HUBBARD@gmail.com,UfFBQEXO,customer
185974669,467 HILL POINT AVE MD 62048,MUIR,GLASS,(410)-491-1719,MUIR_GLASS@gmail.com,b!mo3,customer
356597478,1817 WALLER ST MD 34359,SALLY,ROLLINS,(410)-807-9763,SALLY_ROLLINS@gmail.com,PTqv1Yh,customer
850386928,888 CRESTLAKE DR MD 48370,NICOL,SINGH,(410)-020-3504,NICOL_SINGH@gmail.com,RkIUNUbPac,customer
035951517,5816 CODMAN PL MD 09054,KAZIA,TANNER,(410)-280-1549,KAZIA_TANNER@gmail.com,8523k,customer
385884891,2239 SAGAMORE ST MD 55865,CATHARINA,DAVIS,(410)-433-9311,CATHARINA_DAVIS@gmail.com,PDf7fZr!,customer
094571909,6954 MONETA WAY MD 01502,TORCALL,CLEMENTS,(410)-021-9386,TORCALL_CLEMENTS@gmail.com,oGtvwiZ,customer
001782864,3915 CALHOUN TER MD 49245,JONNA,MURILLO,(410)-187-4847,JONNA_MURILLO@gmail.com,GuyVl,customer
600063881,9268 BROOKDALE AVE MD 87430,ISHRAT,OLSEN,(410)-286-8613,ISHRAT_OLSEN@gmail.com,SpQGu,customer
892474829,503 DAWNVIEW WAY MD 38879,KESA,COBB,(410)-449-1288,KESA_COBB@gmail.com,jl3bHa,customer
275798277,9459 LUCY ST MD 83276,ANNA-MARIE,HUNT,(410)-039-6751,ANNA-MARIE_HUNT@gmail.com,V7P!68L,customer
979753259,261 HABITAT TER MD 76492,STEFAN,WARD,(410)-006-6654,STEFAN_WARD@gmail.com,hEvIYv,customer
502362958,4528 FREDERICK ST MD 78500,CHANTEILLE,MULLEN,(410)-156-2900,CHANTEILLE_MULLEN@gmail.com,aMB8A2rVf,customer
948854385,6957 BLYTHDALE AVE MD 52340,MARICIA,SALAZAR,(410)-126-9512,MARICIA_SALAZAR@gmail.com,oJF7tc!T,customer
669476086,8490 WILLIAR AVE MD 64657,RICKY,SCOTT,(410)-559-1662,RICKY_SCOTT@gmail.com,uBGY2KdO,customer
282828175,9624 ALEMANY BLVD MD 55633,OHOOD,LEWIS,(410)-100-4402,OHOOD_LEWIS@gmail.com,c5K1m2XCll,customer
210223652,5576 FRESNEL WAY MD 50581,BLUE-JEAN,WATKINS,(410)-223-2334,BLUE-JEAN_WATKINS@gmail.com,dkK1Aep,customer
417102775,5379 HALLAM ST MD 10359,SAMERA,OLSEN,(410)-306-1969,SAMERA_OLSEN@gmail.com,H!4ETBVsG,customer
216783298,8635 BEVERLY ST MD 94382,ANN,BAUTISTA,(410)-382-3040,ANN_BAUTISTA@gmail.com,KGI755,customer
219441904,2519 GLADIOLUS LN MD 27926,JANETTA,MORENO,(410)-524-0362,JANETTA_MORENO@gmail.com,l9Mdhfc,customer
925766256,2862 BAY ST MD 06765,KARENA,ONEAL,(410)-360-9927,KARENA_ONEAL@gmail.com,YSFBMYsh,customer
422530851,6977 LINDEN ST MD 94268,VERA-ANN,BURTON,(410)-351-2959,VERA-ANN_BURTON@gmail.com,H894bpPo8,customer
610259050,5389 DUDLEY RD MD 16557,ANNE-MARIE,WHITAKER,(410)-016-9657,ANNE-MARIE_WHITAKER@gmail.com,Q6Dlga48pu,customer
188484335,1772 CRISSY FIELD AVE MD 84016,VISHAL,MILLS,(410)-505-7231,VISHAL_MILLS@gmail.com,ia3GBUjf,customer
294483683,3130 MILEY ST MD 50101,MIRZA,CISNEROS,(410)-764-2956,MIRZA_CISNEROS@gmail.com,lf2VoC1Jo,customer
710599940,4687 DEMING ST MD 88363,SHEY,AGUIRRE,(410)-843-2827,SHEY_AGUIRRE@gmail.com,mIM2pk,customer
791360270,5463 CORONADO ST MD 12250,SUNAH,KERR,(410)-366-8572,SUNAH_KERR@gmail.com,eErvwsB,customer
290968671,4029 CESAR CHAVEZ ST MD 21833,NICQUI,THORNTON,(410)-654-6940,NICQUI_THORNTON@gmail.com,uOiAm,customer
421472968,6993 MONTCLAIR TER MD 24174,THOMASINA,DIXON,(410)-742-5726,THOMASINA_DIXON@gmail.com,JWfoe,customer
130392451,4492 PALO ALTO AVE MD 54485,KIERRIEN,TATE,(410)-774-8254,KIERRIEN_TATE@gmail.com,bcG2B,customer
850180977,7611 ELMIRA ST MD 51600,OLURANTI,HOBBS,(410)-307-7139,OLURANTI_HOBBS@gmail.com,hPWvDY8pNg,customer
262869364,4449 WILLIAR AVE MD 53671,BOZENA,FERGUSON,(410)-270-3564,BOZENA_FERGUSON@gmail.com,J545Bc5k4,customer
904053993,969 NORTHRIDGE RD MD 73880,DENISE,BUSH,(410)-414-7389,DENISE_BUSH@gmail.com,bsqjIV2,customer
296632835,6142 JERSEY ST MD 24639,VALERIE,POOLE,(410)-203-5665,VALERIE_POOLE@gmail.com,5UewbPtC!a,customer
186946981,6566 NEY ST MD 61035,RHONDA,SPENCER,(410)-465-6196,RHONDA_SPENCER@gmail.com,CTMBmJI,customer
567646310,9455 38TH AVE MD 80808,ILARIA,MAHONEY,(410)-511-0043,ILARIA_MAHONEY@gmail.com,B7XnL22,customer
472083689,6597 LETTERMAN DR MD 38174,JACLYN,GARDNER,(410)-347-8065,JACLYN_GARDNER@gmail.com,KijoVPlu94,customer
209475775,9794 MONETA CT MD 80628,LYNSEY-ANNE,PECK,(410)-326-5715,LYNSEY-ANNE_PECK@gmail.com,b42sicVc,customer
930267656,9886 LINDEN ST MD 35072,NURHIDAYAH,FOWLER,(410)-885-7899,NURHIDAYAH_FOWLER@gmail.com,boLWKy,customer
796869646,1517 MANSFIELD ST MD 38953,NOLEEN,BLAKE,(410)-547-1492,NOLEEN_BLAKE@gmail.com,1QQH8FQ,customer
751525250,9263 BIGELOW CT MD 87417,JUSTIN,KENT,(410)-175-9803,JUSTIN_KENT@gmail.com,SzrWEuqx,customer
518855459,7784 CROWN CT MD 34097,NIEVE,FLOWERS,(410)-305-6671,NIEVE_FLOWERS@gmail.com,cqLrKP2,customer
561295938,6676 COMMONWEALTH AVE MD 13215,TAYLOR,RIDDLE,(410)-761-1095,TAYLOR_RIDDLE@gmail.com,Q9dIz,customer
818807167,1543 FISHER LOOP MD 10594,AISHAH,WILLIAMSON,(410)-175-2892,AISHAH_WILLIAMSON@gmail.com,mCC9tU,customer
174766477,4601 PARK PRESIDIO BYPASS DR MD 79789,LEROY,HARMON,(410)-418-7445,LEROY_HARMON@gmail.com,sCv9YF7,customer
078705127,2933 BAKER ST MD 51173,NATASHA,CHARLES,(410)-147-1018,NATASHA_CHARLES@gmail.com,dLYvgUq5,customer
897348392,2191 PLAZA ST MD 21269,TAMMIE,PAUL,(410)-327-8031,TAMMIE_PAUL@gmail.com,DFbtb7Rzz,customer
278888760,8818 BROADWAY MD 64046,LIESA,WHEELER,(410)-872-6574,LIESA_WHEELER@gmail.com,mWWPaPe3A,customer
963410161,7384 RIZAL ST MD 34604,SHEONAGH,BELL,(410)-187-0049,SHEONAGH_BELL@gmail.com,R6Gzv,customer
111510296,6943 DUTCH WINDMILL ACCESS RD MD 60085,JOUMANA,SAUNDERS,(410)-356-2556,JOUMANA_SAUNDERS@gmail.com,hCvuuZBws2,customer
085176726,8976 UNNAMED 185 MD 45098,NAIRN,PEREZ,(410)-464-7486,NAIRN_PEREZ@gmail.com,!2mxvt,customer
611218570,1662 CARPENTER CT MD 40229,SHAHMA,AVERY,(410)-418-2004,SHAHMA_AVERY@gmail.com,kBnh8FZ,customer
092093829,7080 ARDATH CT MD 49799,HON,MCNEIL,(410)-768-5914,HON_MCNEIL@gmail.com,t8wMFoHYT,customer
566510504,5839 MIDCREST WAY MD 76377,KASIF,PETERS,(410)-085-8443,KASIF_PETERS@gmail.com,kQwlcS,customer
480729027,1878 POTOMAC ST MD 58060,HALEY,WIGGINS,(410)-287-9642,HALEY_WIGGINS@gmail.com,y5kRnV,customer
853818083,8142 06TH HP AVE MD 30265,KIMBERLEY,TRUJILLO,(410)-074-0190,KIMBERLEY_TRUJILLO@gmail.com,IWpdWtNfG,customer
265061591,6218 CASE ST MD 07356,SAMINA,GILBERT,(410)-570-8963,SAMINA_GILBERT@gmail.com,uehHdL4f6I,customer
174608780,1031 WHITNEY ST MD 52942,AAMIE,JENNINGS,(410)-813-4265,AAMIE_JENNINGS@gmail.com,oWScGu,customer
079943408,5636 GALVEZ AVE MD 65871,ROZLYN,RAY,(410)-867-9981,ROZLYN_RAY@gmail.com,68Cb2xcGZN,customer
460622576,294 SOUTH HILL BLVD MD 67073,RAYNOR,RAMSEY,(410)-592-2933,RAYNOR_RAMSEY@gmail.com,WA8JV8QZ,customer
878889577,8452 ISIS ST MD 04834,SAKANDER,HARRINGTON,(410)-278-2974,SAKANDER_HARRINGTON@gmail.com,AQEjz2o,customer
543816646,6984 UNNAMED 044 MD 70444,WAI-MAN,CHAPMAN,(410)-524-7716,WAI-MAN_CHAPMAN@gmail.com,QUtU81hN,customer
783397961,1481 PLYMOUTH AVE MD 45221,JILLIAN,AGUILAR,(410)-756-7140,JILLIAN_AGUILAR@gmail.com,TjoJ7z97,customer
524786442,571 BLYTHDALE AVE MD 43312,NICOLA,HOFFMAN,(410)-691-0749,NICOLA_HOFFMAN@gmail.com,xuUhoM7H,customer
656150871,3653 TIFFANY AVE MD 14801,DOREEN,GLENN,(410)-593-6696,DOREEN_GLENN@gmail.com,EuxUqATgN,customer
225610485,7355 UNNAMED 083 MD 49162,STEWART,BARRY,(410)-362-6227,STEWART_BARRY@gmail.com,6xLg8O,customer
304452646,1664 DRUMMOND ALY MD 42118,STACIE-ANN,NUNEZ,(410)-137-8191,STACIE-ANN_NUNEZ@gmail.com,snZthd,customer
407742378,4760 WELSH ST MD 72521,ALLEN,DIXON,(410)-268-8953,ALLEN_DIXON@gmail.com,YLXben3a,customer
428604277,9347 OWENS ST MD 53560,LINDSAY,CRUZ,(410)-282-2515,LINDSAY_CRUZ@gmail.com,cFhEXo4,customer
872416083,8498 HILLCREST RD MD 57611,SAMI,HAYNES,(410)-299-0415,SAMI_HAYNES@gmail.com,jM5RH,customer
225382336,148 SAINT FRANCIS PL MD 37141,LEOLE,FLETCHER,(410)-277-7867,LEOLE_FLETCHER@gmail.com,bOZVX,customer
826814881,3698 CARL ST MD 96539,CIORSTAN,RIOS,(410)-031-5485,CIORSTAN_RIOS@gmail.com,MT1XS,customer
512013304,104 FILBERT ST MD 49703,REAHA,ROGERS,(410)-272-9687,REAHA_ROGERS@gmail.com,cCVnFZe5,customer
806071102,2835 WEST RD MD 18594,ORRY,WALTERS,(410)-834-9063,ORRY_WALTERS@gmail.com,8vsYZmV,customer
957075690,9716 GARDEN ST MD 65160,GILLAN,PATTERSON,(410)-539-2018,GILLAN_PATTERSON@gmail.com,2JAY4,customer
209080238,8744 MOSCOW ST MD 35397,NATHALIE,REYES,(410)-152-6127,NATHALIE_REYES@gmail.com,GtnZp,customer
106453344,991 VINE TER MD 87084,THE,SCHAEFER,(410)-845-5964,THE_SCHAEFER@gmail.com,QNcVF,customer
625725072,9169 EATON PL MD 34443,FATEMA,ESPARZA,(410)-335-3147,FATEMA_ESPARZA@gmail.com,5NFikpbmp,customer
399106523,7832 PRECITA AVE MD 21651,MAIREAD,ROSALES,(410)-100-2511,MAIREAD_ROSALES@gmail.com,XomLGHcL,customer
463386526,7837 FREDSON CT MD 12067,MICHAEL,BARTON,(410)-547-2322,MICHAEL_BARTON@gmail.com,luP6BCM,customer
185696640,8821 HOLLY PARK CIR MD 53157,SANDRA,HUTCHINSON,(410)-522-1160,SANDRA_HUTCHINSON@gmail.com,P9VKEs4Ocx,customer
287222094,3322 CLARENDON AVE MD 75134,CHE,KEMP,(410)-398-4211,CHE_KEMP@gmail.com,F5PJ9BszQV,customer
018270719,4272 WEST CLAY ST MD 72110,NAFEES,HOBBS,(410)-512-2301,NAFEES_HOBBS@gmail.com,TRsdP,customer
263018377,6104 BEALE ST MD 96691,KELMAN,GRIFFIN,(410)-785-0463,KELMAN_GRIFFIN@gmail.com,tu9AfIISK,customer
750545678,6109 KEYSTONE WAY MD 63328,ELISE,WALKER,(410)-100-8428,ELISE_WALKER@gmail.com,6P8mHq6,customer
489979495,9503 37TH AVE MD 88944,STEWART,HOGAN,(410)-663-8956,STEWART_HOGAN@gmail.com,5QT4c,customer
618335875,3567 HOPKINS AVE MD 74366,AIMIE,WRIGHT,(410)-253-8086,AIMIE_WRIGHT@gmail.com,HKTWJ,customer
236244504,495 TERRY A FRANCOIS BLVD MD 27478,FRANCES,NGUYEN,(410)-042-0851,FRANCES_NGUYEN@gmail.com,4VYExQO,customer
936560042,7621 CORNWALL ST MD 21021,MELAINE,WILSON,(410)-134-5124,MELAINE_WILSON@gmail.com,X3hxR4d,customer
606686283,856 LEO ST MD 39740,EILEAN,SCHULTZ,(410)-134-0078,EILEAN_SCHULTZ@gmail.com,v26RHbJT!y,customer
073841555,1731 NORDHOFF ST MD 26499,SIMONE,YATES,(410)-780-5701,SIMONE_YATES@gmail.com,BQ3sXux,customer
364055688,5053 KING ST MD 36684,SHARON,HAYES,(410)-520-5192,SHARON_HAYES@gmail.com,1AZffH3hY,customer
399631076,6511 LUCKY ST MD 18376,AILIE,STONE,(410)-549-8775,AILIE_STONE@gmail.com,RNcu5Qik,customer
621614736,8789 LAKE MERCED HILL ST NORTH MD 65488,MUMA,BUCHANAN,(410)-203-4215,MUMA_BUCHANAN@gmail.com,xGNRkytY,customer
774049699,6256 LETTERMAN DR MD 66971,LEYLA,AGUIRRE,(410)-780-5053,LEYLA_AGUIRRE@gmail.com,OzzMU1E,customer
556396047,5428 VANDEWATER ST MD 36260,KARLI,COCHRAN,(410)-187-5042,KARLI_COCHRAN@gmail.com,2IaBbeX,customer
669884531,8561 BARNARD AVE MD 52473,SWEIN,VALENCIA,(410)-645-0516,SWEIN_VALENCIA@gmail.com,QJIBVfQ2,customer
102260413,4914 EVANS AVE MD 46121,LEDA,PECK,(410)-005-4676,LEDA_PECK@gmail.com,roRXG9T,customer
118684163,1466 SEVERN ST MD 92194,AHLAAM,CANTU,(410)-691-4221,AHLAAM_CANTU@gmail.com,HeDMZPy,customer
427215337,6226 UNNAMED 142 MD 94987,KIMBERLY,ONEILL,(410)-872-6092,KIMBERLY_ONEILL@gmail.com,CEP7J,customer
971326173,9618 YERBA BUENA LN MD 84920,HAMIDA,INGRAM,(410)-400-0742,HAMIDA_INGRAM@gmail.com,p95N92l,customer
487857911,3263 SAN RAFAEL WAY MD 46659,KIMBERLEY-LOUIS,BISHOP,(410)-798-0551,KIMBERLEY-LOUIS_BISHOP@gmail.com,V!SYbLELpU,customer
090626585,5256 WESTON CT MD 27333,FARHANA,GAINES,(410)-125-3715,FARHANA_GAINES@gmail.com,wNuTF,customer
830032471,7081 ARNOLD AVE MD 57462,MORAY,ACOSTA,(410)-148-4875,MORAY_ACOSTA@gmail.com,xiKFpu4U6,customer
641360241,5755 GREENOUGH AVE MD 71622,LUCIE-ANNE,NORMAN,(410)-743-4387,LUCIE-ANNE_NORMAN@gmail.com,SvpMw,customer
108005952,5458 KRAUSGRILL PL MD 00717,ALISCHIA,LOPEZ,(410)-705-8007,ALISCHIA_LOPEZ@gmail.com,eHbu6LJ,customer
645957978,713 BERKSHIRE WAY MD 56842,JAIMI,CALDERON,(410)-551-5743,JAIMI_CALDERON@gmail.com,FEGcX,customer
533171159,6992 SUSSEX ST MD 85737,KOSTAS,MAHONEY,(410)-277-5111,KOSTAS_MAHONEY@gmail.com,uMtthrx,customer
410906533,8771 AMBROSE BIERCE ST MD 42588,JAMIE-LEE,PAGE,(410)-374-4017,JAMIE-LEE_PAGE@gmail.com,urVhd,customer
502922356,1691 HASTINGS TER MD 67693,MAIRIANNA,BOYLE,(410)-300-6007,MAIRIANNA_BOYLE@gmail.com,BSf4zNF,customer
262456169,4286 EDIE RD MD 43300,MORTON,PHELPS,(410)-214-1983,MORTON_PHELPS@gmail.com,7tjD56Fh,customer
095004947,7554 MISSION BAY BLVD SOUTH MD 65901,MOYA,MULLINS,(410)-306-4280,MOYA_MULLINS@gmail.com,BR2!PqquR,customer
616508547,5956 YERBA BUENA DR MD 44437,SHAREEN,GONZALEZ,(410)-735-7452,SHAREEN_GONZALEZ@gmail.com,hm2MLYe,customer
982551452,8902 MONTGOMERY ST MD 87031,THOMAS,PROCTOR,(410)-352-9792,THOMAS_PROCTOR@gmail.com,36e!mpS,customer
752061265,7161 JARBOE AVE MD 01953,CARLA,VASQUEZ,(410)-597-4036,CARLA_VASQUEZ@gmail.com,daql!,customer
036431293,8713 CIELITO DR MD 29545,HAYLEA,ODONNELL,(410)-158-4247,HAYLEA_ODONNELL@gmail.com,!SNBdc,customer
361319891,9996 PEREGO TER MD 20080,SHELLEY,COWAN,(410)-185-5018,SHELLEY_COWAN@gmail.com,Wdbr2mT3V,customer
974388986,9111 CHRISTMAS TREE POINT RD MD 95658,ALEISHIA,MEZA,(410)-737-5147,ALEISHIA_MEZA@gmail.com,r4YEu,customer
657214348,2585 TONQUIN ST MD 21488,MADHUR,ESCOBAR,(410)-284-5139,MADHUR_ESCOBAR@gmail.com,puG7qS,customer
437656571,4894 COLONIAL WAY MD 18743,MEHRAN,JOHNS,(410)-525-6956,MEHRAN_JOHNS@gmail.com,hCN5q,customer
667454335,5127 FIFTH ST MD 32042,SHAREE,WATTS,(410)-345-5564,SHAREE_WATTS@gmail.com,sjO7PCuP,customer
103572817,5322 LAURA ST MD 46691,RUBYET,ANTHONY,(410)-217-5385,RUBYET_ANTHONY@gmail.com,wvnSo,customer
696942481,4396 RICE ST MD 36137,SVETLANA,AVERY,(410)-151-1062,SVETLANA_AVERY@gmail.com,Q1QxQ,customer
199889429,3749 VEGA ST MD 57815,LOREN,MACIAS,(410)-532-3213,LOREN_MACIAS@gmail.com,HCPf4aZN,customer
699756853,516 PLUM ST MD 98498,TRIONA,LYONS,(410)-247-4555,TRIONA_LYONS@gmail.com,T6Diaz,customer
466893423,9823 KENNY ALY MD 80223,ASED,CHANDLER,(410)-276-1517,ASED_CHANDLER@gmail.com,hkCPcYqi,customer
268734440,877 PALO ALTO AVE MD 97607,SALLIANN,MAYER,(410)-668-7171,SALLIANN_MAYER@gmail.com,iJ47K41,customer
037355524,8353 TODD ST MD 65253,DIANA,BERG,(410)-806-9414,DIANA_BERG@gmail.com,SpLPAbM49,customer
075883385,195 SCOTLAND ST MD 96116,MAYS,STARK,(410)-544-5078,MAYS_STARK@gmail.com,Y2qtrL,customer
802013734,6018 MCLAREN AVE MD 69229,BAN,LITTLE,(410)-304-9226,BAN_LITTLE@gmail.com,WZPy99dNhC,customer
697608532,6635 UNNAMED 068 MD 40871,MARCUS,CHRISTIAN,(410)-313-7580,MARCUS_CHRISTIAN@gmail.com,4cMyJ,customer
896162930,8456 FRIEDELL ST MD 63258,DANIELLA,CHERRY,(410)-603-4128,DANIELLA_CHERRY@gmail.com,KU4Te,customer
208768679,9720 CHESTNUT ST MD 79298,LIANE,WILKINSON,(410)-816-4378,LIANE_WILKINSON@gmail.com,QlWPnQ,customer
915016964,7097 NIMITZ DR MD 41901,SHANA,BUCHANAN,(410)-677-5795,SHANA_BUCHANAN@gmail.com,qC2MG!KcA,customer
544445746,2704 SAUL ST MD 05290,SUJEEL,MOSS,(410)-690-3120,SUJEEL_MOSS@gmail.com,Hw3FhG,customer
894151896,6038 BRAZIL AVE MD 00426,NIAESHA,COSTA,(410)-794-8106,NIAESHA_COSTA@gmail.com,TlWIEaMtRy,customer
851065895,4225 BIGLER AVE MD 87704,AINSLIE,BOYLE,(410)-130-0209,AINSLIE_BOYLE@gmail.com,vUPZ1h,customer
104354906,8853 TRAINOR ST MD 84080,SHEK,HOOD,(410)-214-1635,SHEK_HOOD@gmail.com,YtXI7J,customer
099817977,1115 LAKE MERCED HILL ST NORTH MD 99306,KERIANNE,AYALA,(410)-746-3443,KERIANNE_AYALA@gmail.com,os!5C,customer
823435249,5511 BURNS PL MD 97153,SHEENA,SEXTON,(410)-406-3744,SHEENA_SEXTON@gmail.com,s8jyl4avoH,customer
813027541,97 CANYON DR MD 38153,ELLANNA,GREGORY,(410)-644-4528,ELLANNA_GREGORY@gmail.com,6A9!lVcC,customer
896458919,3824 BOYD ST MD 92065,EIBLIN,SALAZAR,(410)-786-3324,EIBLIN_SALAZAR@gmail.com,3d!BmW,customer
258076331,9608 TIMOTHY PFLUEGER PL MD 41124,DARYLL,HARDY,(410)-525-2601,DARYLL_HARDY@gmail.com,N1iTnGyPZ,customer
856535807,8871 IRONWOOD WAY MD 82080,SHAHID,PADILLA,(410)-776-6363,SHAHID_PADILLA@gmail.com,om1SUtsj,customer
737744844,4838 CONGDON ST MD 54972,RALPH,LIU,(410)-590-6302,RALPH_LIU@gmail.com,7ybe7Nep,customer
726310269,4774 STERN GROVE CT MD 94292,GARETH,GARNER,(410)-654-5756,GARETH_GARNER@gmail.com,JvlBdTrC4k,customer
189170865,7047 MARIN ST MD 50349,MUNGO,RIVAS,(410)-147-7658,MUNGO_RIVAS@gmail.com,2zyMsMJFC,customer
268508691,6243 BALCETA AVE MD 21150,LUCANNE,VALENZUELA,(410)-487-1720,LUCANNE_VALENZUELA@gmail.com,bjMpvtHFX,customer
266198245,9044 EMERALD LN MD 08855,SAIDIA,RUSSELL,(410)-672-3598,SAIDIA_RUSSELL@gmail.com,jKtlyW,customer
500802075,2763 NOB HILL PL MD 29001,MAXIMILLION,VEGA,(410)-035-5699,MAXIMILLION_VEGA@gmail.com,sL15bs7i,customer
973227246,3351 MAJESTIC AVE MD 61344,LARRAINE,DECKER,(410)-372-8818,LARRAINE_DECKER@gmail.com,HYjjHIW,customer
934055044,1880 ORD ST MD 14834,CARLIN,HERRERA,(410)-183-1177,CARLIN_HERRERA@gmail.com,FXhQzRP,customer
164228060,7205 BONVIEW ST MD 83679,MARSHALL,BASS,(410)-236-7948,MARSHALL_BASS@gmail.com,KKhVSyhYnL,customer
178646262,8859 HEATHER AVE MD 11987,SANDEEP,PATRICK,(410)-875-2399,SANDEEP_PATRICK@gmail.com,XiIjxnfzY,customer
186461969,1685 WISSER CT MD 55254,ALLYSON,CASTANEDA,(410)-699-4507,ALLYSON_CASTANEDA@gmail.com,!cjjIx2v,customer
419837188,942 IRVING ST MD 58285,LORENA,CARROLL,(410)-131-3196,LORENA_CARROLL@gmail.com,tKVTZMA,customer
693592583,7431 THRIFT ST MD 44789,SAIRIA,JOYCE,(410)-776-9810,SAIRIA_JOYCE@gmail.com,dq7hILoDE,customer
677750069,6522 HYDE ST MD 38433,ADAM,LIU,(410)-709-8216,ADAM_LIU@gmail.com,pL8Sz,customer
513718297,9725 CLARKE LN MD 41959,SHAKEEL,WISE,(410)-127-8834,SHAKEEL_WISE@gmail.com,g7hiXCzwAC,customer
472435974,2409 14TH AVE MD 85798,RICHARD,MARSH,(410)-016-6685,RICHARD_MARSH@gmail.com,qWaZUIDgFH,customer
176815594,5936 UPTON AVE MD 91652,DANIELLE,CROSS,(410)-398-6919,DANIELLE_CROSS@gmail.com,rLWRB,customer
609070161,2949 OTIS ST MD 30131,GARRICK,GUERRERO,(410)-268-5169,GARRICK_GUERRERO@gmail.com,lh3AT,customer
052334099,6581 VAN KEUREN AVE MD 48032,ELKIE,WALKER,(410)-399-4648,ELKIE_WALKER@gmail.com,4oftUfrKRD,customer
589301109,6901 SUMMIT WAY MD 31190,GURCHRAN,BRYANT,(410)-663-5435,GURCHRAN_BRYANT@gmail.com,egwVK9mM,customer
451299138,7208 BATTERY SAFFORD RD MD 24303,NIALA,MUNOZ,(410)-144-1279,NIALA_MUNOZ@gmail.com,8vwC6asvN,customer
414131039,3013 NICHOLS WAY MD 07550,GREGOR,SHEPPARD,(410)-189-4541,GREGOR_SHEPPARD@gmail.com,Pxe4tz,customer
072558317,6800 ALAMEDA ST MD 77568,LYALL,WIGGINS,(410)-071-6498,LYALL_WIGGINS@gmail.com,kOUhQiyj,customer
555591466,700 OLORAN AVE MD 40776,TANE,SHARP,(410)-385-5527,TANE_SHARP@gmail.com,Rjl1spKb,customer
014176092,5120 FARVIEW CT MD 96044,SHIRIN,LARSON,(410)-859-9590,SHIRIN_LARSON@gmail.com,bP1YQbb!4s,customer
099425198,5198 TRADER VIC ALY MD 14224,AKSAH,RODRIGUEZ,(410)-456-3514,AKSAH_RODRIGUEZ@gmail.com,bAI2jdEu,customer
608680823,6788 LARKIN ST MD 08325,BLAKE,OLSON,(410)-389-6963,BLAKE_OLSON@gmail.com,9QTib3ztP,customer
849946265,8188 AVON WAY MD 99033,EWAN,RAMOS,(410)-043-4567,EWAN_RAMOS@gmail.com,gEXlyv,customer
091407198,9985 ITALY AVE MD 59977,JEANETTE,STEELE,(410)-835-9315,JEANETTE_STEELE@gmail.com,Q4HGVNM,customer
582976199,4460 MCCORMICK ST MD 72199,GORDON,PRINCE,(410)-238-3158,GORDON_PRINCE@gmail.com,CLChtpvKY,customer
758168595,1219 MONTECITO AVE MD 37994,DENNY,SANTOS,(410)-841-1079,DENNY_SANTOS@gmail.com,1j529Qnql,customer
358589643,3498 STEINER ST MD 65538,PRIYA,BEST,(410)-050-6013,PRIYA_BEST@gmail.com,srcOhcROp,customer
599629084,2161 LEIDESDORFF ST MD 37787,NASIM,FOWLER,(410)-186-1441,NASIM_FOWLER@gmail.com,cIKxYu3CE,customer
927958616,6983 FEDERAL ST MD 60137,GWENDOLYN,COOK,(410)-611-4828,GWENDOLYN_COOK@gmail.com,gxXClxxXL,customer
043998229,3646 YORBA ST MD 91603,LENE,MCMILLAN,(410)-682-8465,LENE_MCMILLAN@gmail.com,Av1Ez,customer
723340492,9508 MISSION ROCK ST MD 38750,SUSAN,FISHER,(410)-411-9030,SUSAN_FISHER@gmail.com,3DPAW,customer
546487645,2166 UNNAMED 032 MD 75730,VANYA,FOLEY,(410)-343-4794,VANYA_FOLEY@gmail.com,Lby4l,customer
160020999,175 UNNAMED 2 MD 07590,KIRSTEY,PALMER,(410)-440-9527,KIRSTEY_PALMER@gmail.com,qVKV9dax,customer
144868998,6753 CAPITOL AVE MD 20825,KRZYSZTOF,CAREY,(410)-259-6296,KRZYSZTOF_CAREY@gmail.com,8YOUGF6,customer
193659691,3644 OVERLOOK DR MD 53047,KRISTINA,HOOD,(410)-620-0810,KRISTINA_HOOD@gmail.com,!rqIRc,customer
035943028,5119 BATTERY CRANSTON RD MD 39500,JENIFER,MENDEZ,(410)-785-9311,JENIFER_MENDEZ@gmail.com,hh4Jwjx3,customer
320778644,1913 I-80 W ON RAMP MD 69186,ERIKA,TYLER,(410)-596-3230,ERIKA_TYLER@gmail.com,ZH!mfamOTw,customer
946247419,4612 HAWES ST MD 82434,KAUSAR,BELTRAN,(410)-528-6757,KAUSAR_BELTRAN@gmail.com,tAF43hw,customer
082993885,2544 PINK ALY MD 56428,CY,GILMORE,(410)-149-7541,CY_GILMORE@gmail.com,8KD619QIOj,customer
030552935,4677 CROWN CT MD 65426,GARRY,KOCH,(410)-866-1267,GARRY_KOCH@gmail.com,n3J19cfE,customer
504091185,1393 VALMAR TER MD 20205,ALEXANDRIA,MARSHALL,(410)-178-6372,ALEXANDRIA_MARSHALL@gmail.com,wMb5kL54hA,customer
608952515,7792 STOCKTON ST MD 29343,JESSICA,RICHMOND,(410)-208-1659,JESSICA_RICHMOND@gmail.com,To!fSLv7,customer
998415796,8212 REPOSA WAY MD 83568,TARIQ,RAMIREZ,(410)-615-8422,TARIQ_RAMIREZ@gmail.com,tgFgGRFs,customer
401195104,217 STRIPED BASS ST MD 05162,SAMRINA,PENNINGTON,(410)-147-2877,SAMRINA_PENNINGTON@gmail.com,sNI3mr,customer
637608745,1927 RUSSELL ST MD 03225,COLIN,MITCHELL,(410)-449-5231,COLIN_MITCHELL@gmail.com,JdPxW,customer
780781155,7806 I-80 E OFF RAMP MD 44077,FREYA,MEJIA,(410)-272-1774,FREYA_MEJIA@gmail.com,SXavk2NIy,customer
770443390,5272 QUINTARA ST MD 58419,ALESHIA,HESS,(410)-472-4139,ALESHIA_HESS@gmail.com,eeoxyPTr,customer
291403517,2596 PENNSYLVANIA AVE MD 95721,AAMNA,OLIVER,(410)-197-7851,AAMNA_OLIVER@gmail.com,bK!1!U1QI,customer
368545582,2922 DODGE ST MD 64121,JOLEEN,DAVIS,(410)-371-6138,JOLEEN_DAVIS@gmail.com,LSDMo,customer
640795591,4688 SABIN PL MD 78590,NICIO,CAMERON,(410)-500-5895,NICIO_CAMERON@gmail.com,UnB9zh4Thi,customer
685873939,2468 MARINE DR MD 55803,NURHIDAYAH,GREGORY,(410)-790-9735,NURHIDAYAH_GREGORY@gmail.com,mxW4VblYHU,customer
918462627,2754 LEE AVE MD 67420,JESSAMINE,THOMAS,(410)-588-0653,JESSAMINE_THOMAS@gmail.com,U8Ix6fMT,customer
680128521,6381 VISTA CT MD 03516,CAROLE,MICHAEL,(410)-741-2482,CAROLE_MICHAEL@gmail.com,HpXBMg8j,customer
290267947,8680 HERNANDEZ AVE MD 35101,ESMA,NICHOLSON,(410)-615-7644,ESMA_NICHOLSON@gmail.com,TuUSC,customer
097531185,2872 AVILA ST MD 73045,FEHMIDA,MUELLER,(410)-083-3688,FEHMIDA_MUELLER@gmail.com,8epwhze!,customer
285168766,9252 TURK BLVD MD 24247,AYLIE,GRAHAM,(410)-359-2386,AYLIE_GRAHAM@gmail.com,XMIahL,customer
570381063,1474 CCSF PARKING LOT MD 58469,AJAY,NORRIS,(410)-013-0439,AJAY_NORRIS@gmail.com,iqekvdrS,customer
838314264,392 UNNAMED 036 MD 05974,SHAHIDA,RODGERS,(410)-198-1354,SHAHIDA_RODGERS@gmail.com,U2Cn6,customer
883288713,522 TUNNEL AVE MD 73615,KERRI,ESPARZA,(410)-218-5223,KERRI_ESPARZA@gmail.com,RumGgh,customer
912398476,1050 CONNECTICUT ST MD 86474,KEISHA,PRATT,(410)-626-5603,KEISHA_PRATT@gmail.com,D7uu7L7,customer
522462232,7706 OFARRELL ST MD 72015,LINSAY,WARD,(410)-775-7544,LINSAY_WARD@gmail.com,SQbNQOjeI,customer
095043597,7635 WILDE AVE MD 28894,BENN,SCHMIDT,(410)-712-1364,BENN_SCHMIDT@gmail.com,MdYcdy,customer
765549189,4251 CORBETT AVE MD 53743,RANA,CRAWFORD,(410)-190-9562,RANA_CRAWFORD@gmail.com,936idsgL,customer
579130961,4049 VICKSBURG ST MD 65716,LUCIA,COLON,(410)-631-6043,LUCIA_COLON@gmail.com,Q2FvJDVWB,customer
868455759,9324 BURRITT ST MD 18633,LAURAINE,BLACKWELL,(410)-390-5530,LAURAINE_BLACKWELL@gmail.com,2z2sIAM,customer
675845934,4334 HAYS ST MD 76862,BIANCA,POTTS,(410)-122-6676,BIANCA_POTTS@gmail.com,p7z4M8,customer
936313241,37 ZANOWITZ ST MD 31237,SUSIE,COCHRAN,(410)-527-8303,SUSIE_COCHRAN@gmail.com,N1hpA,customer
186953542,4662 CHESTER AVE MD 16475,LEERON,SWEENEY,(410)-069-1201,LEERON_SWEENEY@gmail.com,w3UQI,customer
934141411,2223 GIRARD ST MD 54629,IAN,FIELDS,(410)-182-2386,IAN_FIELDS@gmail.com,76711,customer
069319412,2527 BERWICK PL MD 10461,ATHOLL,MOYER,(410)-378-2950,ATHOLL_MOYER@gmail.com,ldyJyLw7Mf,customer
321366010,1880 BRAZIL AVE MD 09490,BRODIE,MCCLAIN,(410)-118-9530,BRODIE_MCCLAIN@gmail.com,oRbamXw3Xb,customer
745508785,8979 BERWICK PL MD 73288,COLLIN,DOMINGUEZ,(410)-448-5875,COLLIN_DOMINGUEZ@gmail.com,gSvPCN8uLA,customer
382764056,6943 FRANCISCO ST MD 73546,DONNA,LEBLANC,(410)-330-9956,DONNA_LEBLANC@gmail.com,B449CQzf84,customer
770896835,5705 LOMBARD ST MD 01558,SAAD,FRANCIS,(410)-281-5376,SAAD_FRANCIS@gmail.com,RoXgb1X,customer
877760659,3702 LOMA VISTA TER MD 61387,MICHELE,OCONNELL,(410)-053-2594,MICHELE_OCONNELL@gmail.com,Xij9NE4l,customer
020271425,1828 LONGVIEW CT MD 00344,JAMES-AARRON,TANNER,(410)-292-8204,JAMES-AARRON_TANNER@gmail.com,aqqKHVP,customer
838361434,5303 CHESLEY ST MD 73418,GRAHAM,FINLEY,(410)-616-8575,GRAHAM_FINLEY@gmail.com,H4HUmid,customer
895636319,683 OTTAWA AVE MD 59780,ERIN,HURLEY,(410)-452-1513,ERIN_HURLEY@gmail.com,huorD,customer
049571536,3884 DARTMOUTH ST MD 81952,CHANTAL,CHOI,(410)-501-8355,CHANTAL_CHOI@gmail.com,hMHdZWl,customer
960447060,2239 HWY 101 TO I-280 RAMP MD 25208,FREYA,MYERS,(410)-456-8929,FREYA_MYERS@gmail.com,JqEsMEzhle,customer
902428615,9302 SEWARD ST MD 51994,LEE-ANNE,BECKER,(410)-793-2446,LEE-ANNE_BECKER@gmail.com,xLCIM,customer
169151277,5470 CARVER ST MD 94747,LIEGHA,ARIAS,(410)-305-0045,LIEGHA_ARIAS@gmail.com,pIM3h,customer
958222178,9637 ORBEN PL MD 40156,ANTONIO,BASS,(410)-578-0375,ANTONIO_BASS@gmail.com,EsDdoW4YU,customer
301891848,8384 THORNTON AVE MD 74072,WENDIE,BALL,(410)-570-7243,WENDIE_BALL@gmail.com,6eFjpDOZB,customer
931690298,6821 ANZA ST MD 07952,MOHSIN,SCHMIDT,(410)-174-9840,MOHSIN_SCHMIDT@gmail.com,n9pj9OkJW,customer
679060878,6347 HERITAGE LN MD 08612,ELENA,STOKES,(410)-477-5699,ELENA_STOKES@gmail.com,Q5dMsfj6Z,customer
012582277,1947 BATTERY EAST RD MD 11808,ASHLEEN,WEAVER,(410)-864-0590,ASHLEEN_WEAVER@gmail.com,a4p5u1gDwa,customer
245341980,8927 SANTA RITA AVE MD 95452,BRENDON,PECK,(410)-209-9225,BRENDON_PECK@gmail.com,qx87wZGD!,customer
695526473,5661 STANYAN ST MD 30853,LEAANNE,SHAFFER,(410)-214-7730,LEAANNE_SHAFFER@gmail.com,H2Cz7TJd,customer
579846863,1086 MABINI ST MD 38762,JOSEPH,SCHMITT,(410)-085-9296,JOSEPH_SCHMITT@gmail.com,n6nXw,customer
521816844,7632 VELASCO AVE MD 14961,SHERENA,NORRIS,(410)-585-2215,SHERENA_NORRIS@gmail.com,VuvIeAK,customer
232309464,4992 DELAWARE ST MD 79634,UNDUGODAGE,ESCOBAR,(410)-351-2831,UNDUGODAGE_ESCOBAR@gmail.com,L717I,customer
321401002,7909 AVENUE E MD 53155,USMAN,SMITH,(410)-077-3099,USMAN_SMITH@gmail.com,ZljAQ5Yn,customer
351405951,9111 HWY 101 S OFF RAMP MD 47006,ZAIN-UL-ABIDEEN,VALENCIA,(410)-224-3065,ZAIN-UL-ABIDEEN_VALENCIA@gmail.com,okMVmgR,customer
155087010,6134 BURR AVE MD 73587,KURTUS,MCCLURE,(410)-166-1640,KURTUS_MCCLURE@gmail.com,SfD2FmH2w,customer
836846094,4612 SPARROW ST MD 08650,LEIF,KELLEY,(410)-837-3343,LEIF_KELLEY@gmail.com,DcwtFNOp,customer
