user_ID, email, password, phone_number, first_name, last_name, user_type
855141821,NISSAR_MAHONEY@gmail.com,5wAtxMWdg,(410)-427-6392,NISSAR,MAHONEY,owner
081084282,DION_JUAREZ@gmail.com,dy8z7NZFvW,(410)-617-6286,DION,JUAREZ,owner
762587876,JOCLYN_MORTON@gmail.com,mPZS2xyJZ,(410)-480-4851,JOCLYN,MORTON,owner
170939770,SHURAN_GARZA@gmail.com,t2PW68IwC,(410)-573-9109,SHURAN,GARZA,owner
414643573,ABBY_WALSH@gmail.com,4NzvMX,(410)-654-2069,ABBY,WALSH,owner
022833210,CYRIL_MAYO@gmail.com,SoMLq,(410)-301-7285,CYRIL,MAYO,owner
225844866,RABIA_PRICE@gmail.com,UWN5DGwz2,(410)-192-3442,RABIA,PRICE,owner
877695321,CLOVA_WALLER@gmail.com,pDHTL3p,(410)-372-9702,CLOVA,WALLER,owner
601509863,IMRAAN_HICKMAN@gmail.com,kHa5PZgRf,(410)-788-7085,IMRAAN,HICKMAN,owner
015141530,MOHIBOOR_GRIMES@gmail.com,3OrTtW8Z,(410)-102-5385,MOHIBOOR,GRIMES,owner
564572119,AIDAN_JONES@gmail.com,VsrISPT3Y,(410)-772-9704,AIDAN,JONES,owner
036178979,ALEJANDRO_OBRIEN@gmail.com,cjEhB7m,(410)-680-7747,ALEJANDRO,OBRIEN,owner
367533492,CHRISTIAN_PETTY@gmail.com,PRbDtA,(410)-078-3455,CHRISTIAN,PETTY,owner
627302622,JINGMUN_PHAM@gmail.com,BVgVUGAl,(410)-716-7132,JINGMUN,PHAM,owner
852355798,KRISTOFFER_GALLOWAY@gmail.com,f4Y17UV,(410)-348-0848,KRISTOFFER,GALLOWAY,owner
257615606,MARNI_BOYER@gmail.com,KjlU7,(410)-662-2463,MARNI,BOYER,owner
466657286,MON_WHITEHEAD@gmail.com,RNTMnj,(410)-259-8562,MON,WHITEHEAD,owner
433546719,NATASHA-RASS_SCOTT@gmail.com,cag2TBmrZ,(410)-579-8901,NATASHA-RASS,SCOTT,owner
999564960,UYI_AGUILAR@gmail.com,ISUgcASMq,(410)-665-3485,UYI,AGUILAR,owner
873615154,MELITTA_ORR@gmail.com,UYGAt4h!,(410)-047-4970,MELITTA,ORR,owner
666535738,FAIHMIDAH_BRAY@gmail.com,ktVW8jR,(410)-598-0576,FAIHMIDAH,BRAY,owner
324256794,KAZANDRA_GARNER@gmail.com,7PFwFewQy4,(410)-611-4466,KAZANDRA,GARNER,owner
638974348,KRYSTIE_DAVIS@gmail.com,KQirY,(410)-231-5601,KRYSTIE,DAVIS,owner
468377560,JOSH_KING@gmail.com,hEB1J6fu,(410)-302-3508,JOSH,KING,owner
223092151,LHEA_LEBLANC@gmail.com,3225wH,(410)-111-9446,LHEA,LEBLANC,owner
359294357,LAURA_BLACK@gmail.com,k9hXQLrGf,(410)-327-6007,LAURA,BLACK,owner
556094668,ROBERTA_EWING@gmail.com,B2Tk7,(410)-156-7701,ROBERTA,EWING,owner
213342284,FAY_HARRIS@gmail.com,ScpI3KlZhN,(410)-726-4969,FAY,HARRIS,owner
501562904,LAURA-JANE_HOLMES@gmail.com,ovUli3RVC3,(410)-108-5939,LAURA-JANE,HOLMES,owner
704381597,WILLIE_SHERMAN@gmail.com,zQeA3,(410)-073-7418,WILLIE,SHERMAN,owner
878516043,LY_HOLMES@gmail.com,fBEmuQ!dln,(410)-113-5372,LY,HOLMES,owner
227682458,TRACY_WONG@gmail.com,HpQXFv6j,(410)-074-1996,TRACY,WONG,owner
612519430,FERGAL_VAUGHAN@gmail.com,bNvYxR,(410)-066-3236,FERGAL,VAUGHAN,owner
510733119,ZARRAR_VALENCIA@gmail.com,2b3gWLu7Vi,(410)-710-6396,ZARRAR,VALENCIA,owner
321610043,KIRANJIT_SHAH@gmail.com,HACe8uZHM9,(410)-118-2291,KIRANJIT,SHAH,owner
889134667,MAN_CHASE@gmail.com,83IZciH,(410)-113-1381,MAN,CHASE,owner
996001038,REHANNA_NEWTON@gmail.com,ZUyjcNZkc,(410)-459-6434,REHANNA,NEWTON,owner
974268837,AINSLEY_PITTMAN@gmail.com,OQ5ot,(410)-432-0137,AINSLEY,PITTMAN,owner
030093276,LESLIE_PARKER@gmail.com,Fd7mV,(410)-763-4820,LESLIE,PARKER,owner
718335717,SOLTAN_WALL@gmail.com,GzN21NZa3,(410)-455-3509,SOLTAN,WALL,owner
228115810,SHUI_CARRILLO@gmail.com,svNboj,(410)-847-0902,SHUI,CARRILLO,owner
221881698,KATE_HURST@gmail.com,gHG3ZulAn,(410)-323-5505,KATE,HURST,owner
662342951,CONNER_CAMPOS@gmail.com,!B4MwHravp,(410)-567-5940,CONNER,CAMPOS,owner
814616462,SAMAR_AGUIRRE@gmail.com,debIGv9ql,(410)-695-4519,SAMAR,AGUIRRE,owner
154413076,KERI_MADDOX@gmail.com,rUd1uQ6Q,(410)-417-7779,KERI,MADDOX,owner
481746907,NAFISA_LYNCH@gmail.com,FP1yzAnG,(410)-691-9222,NAFISA,LYNCH,owner
997667482,LINZEE_BOLTON@gmail.com,Vg71Wrjp,(410)-354-1673,LINZEE,BOLTON,owner
884257705,SAMANTHA_DELEON@gmail.com,djhOJ,(410)-002-6469,SAMANTHA,DELEON,owner
904753592,NICHOL_CANNON@gmail.com,TMenK7xLN,(410)-860-5937,NICHOL,CANNON,owner
412071121,KULTARAN_GREER@gmail.com,4lyRki5k,(410)-576-5773,KULTARAN,GREER,owner
149359054,YISHAN_BIRD@gmail.com,ybd49rvr,(410)-723-9469,YISHAN,BIRD,owner
222675773,SANDIE_LYONS@gmail.com,bRRSO1zsI,(410)-718-9683,SANDIE,LYONS,owner
154787507,TASHA_SALAZAR@gmail.com,IDwVKOq,(410)-665-3880,TASHA,SALAZAR,owner
376811256,KERRI_BURKE@gmail.com,eaUIRY,(410)-009-6879,KERRI,BURKE,owner
979356146,MARIANNE_ATKINSON@gmail.com,oJhI9Z,(410)-210-2969,MARIANNE,ATKINSON,owner
642249256,ROSANNE_BATES@gmail.com,JCf3Kb7,(410)-332-7949,ROSANNE,BATES,owner
256541898,YSOLDA_PITTS@gmail.com,tRpnawD,(410)-048-7715,YSOLDA,PITTS,owner
540103206,NEALE_HOGAN@gmail.com,WUJUue,(410)-535-1117,NEALE,HOGAN,owner
982578369,NAP_PETERS@gmail.com,gfK7IclV,(410)-747-5907,NAP,PETERS,owner
701713992,AAMIR_GLOVER@gmail.com,q2!XElGWj2,(410)-623-4852,AAMIR,GLOVER,owner
886003803,MEGANNE_MEDINA@gmail.com,aICyGe,(410)-471-0266,MEGANNE,MEDINA,owner
871087197,KAJ_WEBSTER@gmail.com,9Xk5ysO,(410)-228-6799,KAJ,WEBSTER,owner
256709148,WASEEM_GLASS@gmail.com,epPD8,(410)-514-3762,WASEEM,GLASS,owner
830446993,ISHMAEL_BERG@gmail.com,Y81HYG73O,(410)-691-9742,ISHMAEL,BERG,owner
347422421,MASARAF_WALTER@gmail.com,6pZnNRs,(410)-377-3811,MASARAF,WALTER,owner
159774316,RINALDO_CLARKE@gmail.com,GNCmZKt,(410)-828-1179,RINALDO,CLARKE,owner
529619827,JEFFRY_WEEKS@gmail.com,hgry7IVf4,(410)-603-5344,JEFFRY,WEEKS,owner
418779219,SIABHON_CHARLES@gmail.com,ZPWQTSfc,(410)-707-6210,SIABHON,CHARLES,owner
544238039,AHMAR_MCLEAN@gmail.com,CIdBH,(410)-695-9949,AHMAR,MCLEAN,owner
939209435,MARGIE_RIGGS@gmail.com,jSvqKL6Eaj,(410)-804-7013,MARGIE,RIGGS,owner
581496084,KEVYN_REYES@gmail.com,ZXhg1JQMg,(410)-209-5613,KEVYN,REYES,owner
012092381,MICHELLE-LOUISE_CALHOUN@gmail.com,povcH,(410)-401-7344,MICHELLE-LOUISE,CALHOUN,owner
642748179,REA_HOPKINS@gmail.com,2iMLY4u4q,(410)-170-1125,REA,HOPKINS,owner
591975321,SAYDA_GARCIA@gmail.com,ufjPL8DCB,(410)-232-6882,SAYDA,GARCIA,owner
540286834,KATHLEENE_SUMMERS@gmail.com,qJqfK2P!,(410)-798-8030,KATHLEENE,SUMMERS,owner
013351518,DEONE_RHODES@gmail.com,paeUHAJXR,(410)-822-5745,DEONE,RHODES,owner
463938873,MANDY_LEACH@gmail.com,tXpvyibyE,(410)-406-3868,MANDY,LEACH,owner
039657587,KIRANJIT_CARROLL@gmail.com,!F7dkqxd,(410)-466-0685,KIRANJIT,CARROLL,owner
802746907,STEFANIE_GONZALEZ@gmail.com,xQfi48yj,(410)-653-3599,STEFANIE,GONZALEZ,owner
708889874,SANDI_AVERY@gmail.com,yLWww538Ek,(410)-030-8290,SANDI,AVERY,owner
369513254,MELANIE_LINDSEY@gmail.com,CLBWaCW,(410)-538-0437,MELANIE,LINDSEY,owner
909074646,RHEA_HALEY@gmail.com,AWWfynovQe,(410)-690-8601,RHEA,HALEY,owner
169657993,KIM_COLE@gmail.com,mL1fg7z,(410)-261-9900,KIM,COLE,owner
008404832,TANZEELA_CHANDLER@gmail.com,AVVZ!R!,(410)-180-5305,TANZEELA,CHANDLER,owner
977561959,LINSEY_KERR@gmail.com,rihYdb2c6,(410)-851-0232,LINSEY,KERR,owner
295075448,SUNHA_MELENDEZ@gmail.com,u8SX!dD1,(410)-313-4476,SUNHA,MELENDEZ,owner
406736422,FARZANAH_JAMES@gmail.com,Fy4OAYxSsW,(410)-585-4676,FARZANAH,JAMES,owner
169835507,STEFFAN_POWELL@gmail.com,xV66BR,(410)-623-3123,STEFFAN,POWELL,owner
917014831,SAIRA_FUENTES@gmail.com,TmE1T,(410)-613-2344,SAIRA,FUENTES,owner
464628738,GILLON_GILES@gmail.com,fYm5Nz,(410)-730-3553,GILLON,GILES,owner
627278407,NANETTE_HOUSE@gmail.com,aDSZjEeaKE,(410)-864-3673,NANETTE,HOUSE,owner
440855420,LIAM_CHERRY@gmail.com,vFuMQvu,(410)-626-5254,LIAM,CHERRY,owner
389585399,AYASHA_MAYER@gmail.com,9nn3IRt,(410)-372-1145,AYASHA,MAYER,owner
395968536,ANNE_PONCE@gmail.com,9GDhhTEtW,(410)-359-1456,ANNE,PONCE,owner
275023221,ULA_LYNCH@gmail.com,2y3pG,(410)-338-7345,ULA,LYNCH,owner
959213869,FREYA-KIRSTEN_SMITH@gmail.com,tgnJ!lpBc,(410)-220-3596,FREYA-KIRSTEN,SMITH,owner
405108308,LOUIS_BEST@gmail.com,g3R6TIa,(410)-598-7384,LOUIS,BEST,owner
166146005,SIU_LYONS@gmail.com,oszh35WPA,(410)-525-0431,SIU,LYONS,owner
264164117,EMILIE-BETH_HARDY@gmail.com,ptXvYHMkG,(410)-847-3623,EMILIE-BETH,HARDY,owner
